accession,role,file,bytes,sha256,source_url,retrieved
GCF_000005845.2,ncbi_package_zip,ncbi_dataset.zip,7556107,4cd67e6e43bcb05da1c0d35d7c66f510408967cfa3afd25e50e14d3d5188794f,https://www.ncbi.nlm.nih.gov/datasets/genome/GCF_000005845.2/,2026-09-13
GCF_000005845.2,reference_fasta,reference.fna,4699745,53bb6a51b6e92139ced1e38f74b7938781027c52200922ff03718c2237d23bb4,https://www.ncbi.nlm.nih.gov/datasets/genome/GCF_000005845.2/,2026-09-13
GCF_000005845.2,genbank_annotation,annotation.gbff,11450954,8a50dc9bc68b8d1b2222f022c086c6a177004692b7a0318a4e2225aacd190673,https://www.ncbi.nlm.nih.gov/datasets/genome/GCF_000005845.2/,2026-09-13
GCF_000005845.2,gff3_annotation,annotation.gff3,2314238,68d25735ccde6d37af68613dca57a588ae69423f0ecee99b0f29d596eff7accb,https://www.ncbi.nlm.nih.gov/datasets/genome/GCF_000005845.2/,2026-09-13
GCF_000005845.2,cds_fasta,cds.fna,5043083,a5efdd03ccf26b27d8319b4e8bcfdde1da7df1b2a4baaf3edd1431c21128a0cd,https://www.ncbi.nlm.nih.gov/datasets/genome/GCF_000005845.2/,2026-09-13
GCF_000005845.2,protein_fasta,protein.faa,1750878,9b8d21ea8ea5180bd9a96d7895dba9b5789002f43c6f421f2a7cdd1b141aa129,https://www.ncbi.nlm.nih.gov/datasets/genome/GCF_000005845.2/,2026-09-13
GCF_000005845.2,sequence_report,sequence_report.jsonl,311,72e2a49b98a6851372e4d37a4f7ca1869afd1c94e1d0d56436745ac94cbaf387,https://www.ncbi.nlm.nih.gov/datasets/genome/GCF_000005845.2/,2026-09-13
GCF_000005845.2,assembly_data_report,assembly_data_report.jsonl,2817,66fffd4cd1b2982ecbe17d6bbc9e02015cb9d168a7ee45b25b6f31fdfa33eb98,https://www.ncbi.nlm.nih.gov/datasets/genome/GCF_000005845.2/,2026-09-13
GCF_000005845.2,dataset_catalog,dataset_catalog.json,1145,4d69568d9f0f8eb05857ad3eb1801a0bae89f9ddc14b2f92a19e04f9e29d6d26,https://www.ncbi.nlm.nih.gov/datasets/genome/GCF_000005845.2/,2026-09-13
GCF_003697165.2,ncbi_package_zip,ncbi_dataset.zip,8315953,ba5480e826fd72a26b7de2d24a68b3a4e7633ed69dcdba3f73d22f86c5c996cb,https://www.ncbi.nlm.nih.gov/datasets/genome/GCF_003697165.2/,2026-09-13
GCF_003697165.2,reference_fasta,reference.fna,5097965,17124ac56df45b547706ddb0b2a56274d893022f42fe445afb5a08e19eb874b1,https://www.ncbi.nlm.nih.gov/datasets/genome/GCF_003697165.2/,2026-09-13
GCF_003697165.2,genbank_annotation,annotation.gbff,13129685,135ebf92f49579cd4ee94a593e43e89a0e7cfdf30fdf3d8d03c61a30e1f8af45,https://www.ncbi.nlm.nih.gov/datasets/genome/GCF_003697165.2/,2026-09-13
GCF_003697165.2,gff3_annotation,annotation.gff3,3038110,e34d7f5cb9e2981e23f1718948d9d47656bce403ef6a81eb437fdf483c654f8f,https://www.ncbi.nlm.nih.gov/datasets/genome/GCF_003697165.2/,2026-09-13
GCF_003697165.2,cds_fasta,cds.fna,5460349,9b7ec8be78c667d034154571f31bf8bd1a39a267b8e18967a75641032b67221c,https://www.ncbi.nlm.nih.gov/datasets/genome/GCF_003697165.2/,2026-09-13
GCF_003697165.2,protein_fasta,protein.faa,1836502,a6a06c6a6401caa860de46c7929235313e14110fa234f118e3a0a086102e9bed,https://www.ncbi.nlm.nih.gov/datasets/genome/GCF_003697165.2/,2026-09-13
GCF_003697165.2,sequence_report,sequence_report.jsonl,611,e3824d2ed89a62f40cada766023b18b60948f33fe514d66616f322b91249fb91,https://www.ncbi.nlm.nih.gov/datasets/genome/GCF_003697165.2/,2026-09-13
GCF_003697165.2,assembly_data_report,assembly_data_report.jsonl,4293,14ae26d55ef330811631fc60e4f5f90c57c487351a283b99bd566870613dd31d,https://www.ncbi.nlm.nih.gov/datasets/genome/GCF_003697165.2/,2026-09-13
GCF_003697165.2,dataset_catalog,dataset_catalog.json,1148,2fe49aa2e453b5804ca70473a4cd3ff087b3473d553b430ab73487b41598ceae,https://www.ncbi.nlm.nih.gov/datasets/genome/GCF_003697165.2/,2026-09-13
GCF_036503815.1,ncbi_package_zip,ncbi_dataset.zip,8544008,09a6b4e46e51a155dec85eeb93d6d5bb40ae57c3c3854e0f93974744750c148c,https://www.ncbi.nlm.nih.gov/datasets/genome/GCF_036503815.1/,2026-09-13
GCF_036503815.1,reference_fasta,reference.fna,5265074,53abc0aaaa1d3d62c031ed7f40f4b1eea40e2c39776993427277049fb375bf7e,https://www.ncbi.nlm.nih.gov/datasets/genome/GCF_036503815.1/,2026-09-13
GCF_036503815.1,genbank_annotation,annotation.gbff,13454780,e238027976074afe0837121b3ae5a3342375daa8795a0294f74439c77902f1e6,https://www.ncbi.nlm.nih.gov/datasets/genome/GCF_036503815.1/,2026-09-13
GCF_036503815.1,gff3_annotation,annotation.gff3,3075245,40a4eb8a364ac7195edcd3030374c7b73cd12c7085cc96305ed188f90cda3b79,https://www.ncbi.nlm.nih.gov/datasets/genome/GCF_036503815.1/,2026-09-13
GCF_036503815.1,cds_fasta,cds.fna,5615993,d5963c9f7150153793bec3a4bd26991a49ade981f81742c9c1560ab6b511c6cd,https://www.ncbi.nlm.nih.gov/datasets/genome/GCF_036503815.1/,2026-09-13
GCF_036503815.1,protein_fasta,protein.faa,1888056,e0270ec2a9c0da19fc8a8929743e874563dbfb168c74fcdb6df134d8eb65553b,https://www.ncbi.nlm.nih.gov/datasets/genome/GCF_036503815.1/,2026-09-13
GCF_036503815.1,sequence_report,sequence_report.jsonl,1643,7d6939bf80bab49eeb6ecf1d6e8cd28d5bea6efd57d5fd067ed60bc667490e47,https://www.ncbi.nlm.nih.gov/datasets/genome/GCF_036503815.1/,2026-09-13
GCF_036503815.1,assembly_data_report,assembly_data_report.jsonl,4047,4d2ddd73661821662ecfa9004c653c9dfd8b6ff783698ba04390b2acebfedcee,https://www.ncbi.nlm.nih.gov/datasets/genome/GCF_036503815.1/,2026-09-13
GCF_036503815.1,dataset_catalog,dataset_catalog.json,1150,bf555cf39a4ab7d39985e5d97bc030f3c05f088e909ac9291df1465d8cd04b94,https://www.ncbi.nlm.nih.gov/datasets/genome/GCF_036503815.1/,2026-09-13
GCF_005843885.1,ncbi_package_zip,ncbi_dataset.zip,8363878,345235b3b9a06d02fdc3044b0226fc9e9050196bb5312fcf3b0ee2a5a3a1b369,https://www.ncbi.nlm.nih.gov/datasets/genome/GCF_005843885.1/,2026-09-13
GCF_005843885.1,reference_fasta,reference.fna,5184828,964a07bf2352f16194adee6e03b8ea079921246375f1b81382491c8284887a9f,https://www.ncbi.nlm.nih.gov/datasets/genome/GCF_005843885.1/,2026-09-13
GCF_005843885.1,genbank_annotation,annotation.gbff,13259191,b26c1422891f409d9f1d90122d17b4271077dacce5b7d99c5300414d5bd57ac3,https://www.ncbi.nlm.nih.gov/datasets/genome/GCF_005843885.1/,2026-09-13
GCF_005843885.1,gff3_annotation,annotation.gff3,3063966,0321b4468dc596ec39c783473a816b2c0d0211866ba7eabe6a50a3c257004c93,https://www.ncbi.nlm.nih.gov/datasets/genome/GCF_005843885.1/,2026-09-13
GCF_005843885.1,cds_fasta,cds.fna,5514657,f3077bd1638a9f507af670090d2886ab83f5b7879f4f9323035f5d755718f853,https://www.ncbi.nlm.nih.gov/datasets/genome/GCF_005843885.1/,2026-09-13
GCF_005843885.1,protein_fasta,protein.faa,1851953,f1e916af160a309094e32b12c84ad41511bda94db9aa1962869583c29d3cfe82,https://www.ncbi.nlm.nih.gov/datasets/genome/GCF_005843885.1/,2026-09-13
GCF_005843885.1,sequence_report,sequence_report.jsonl,317,9f54cdd546c68be45a86b6e04de1fe2f426597531f0280738f80681a48b59e84,https://www.ncbi.nlm.nih.gov/datasets/genome/GCF_005843885.1/,2026-09-13
GCF_005843885.1,assembly_data_report,assembly_data_report.jsonl,3831,2d9fe73968328521479c430d97daf0ac70ea91fde3fd12204425f583d7776499,https://www.ncbi.nlm.nih.gov/datasets/genome/GCF_005843885.1/,2026-09-13
GCF_005843885.1,dataset_catalog,dataset_catalog.json,1148,53295ef3e38c5ce5b088a36cd06b2bcd43ca51244efd11a54eb5b7dcffe5c324,https://www.ncbi.nlm.nih.gov/datasets/genome/GCF_005843885.1/,2026-09-13
GCF_000026225.1,ncbi_package_zip,ncbi_dataset.zip,7716636,cf56b87c69fc0094de68ced206b789f73eeb2a0081b7f092e5c6c7f6ff84afc4,https://www.ncbi.nlm.nih.gov/datasets/genome/GCF_000026225.1/,2026-09-13
GCF_000026225.1,reference_fasta,reference.fna,4702056,27b1ae81ccc96c77256d5b9afbf33121a6365a1393bf1df37014c3d24b09d6f3,https://www.ncbi.nlm.nih.gov/datasets/genome/GCF_000026225.1/,2026-09-13
GCF_000026225.1,genbank_annotation,annotation.gbff,12087578,620595da129a4aaf6b713c897e285c872dcd955f20205d0e32816c1ced2c7fd3,https://www.ncbi.nlm.nih.gov/datasets/genome/GCF_000026225.1/,2026-09-13
GCF_000026225.1,gff3_annotation,annotation.gff3,2743014,597e41a87f32fdc3e84defa06f827bc95814c15348808c586004e18bd6f4916a,https://www.ncbi.nlm.nih.gov/datasets/genome/GCF_000026225.1/,2026-09-13
GCF_000026225.1,cds_fasta,cds.fna,5020114,fce63f653523b86bf9a67d2a3384cfe75bfd43470c77489906036dcbc78283ac,https://www.ncbi.nlm.nih.gov/datasets/genome/GCF_000026225.1/,2026-09-13
GCF_000026225.1,protein_fasta,protein.faa,1712060,671d2dcfb1b51c9f1f70b54bf28dbc363f917fd955376597fee55b76001ace56,https://www.ncbi.nlm.nih.gov/datasets/genome/GCF_000026225.1/,2026-09-13
GCF_000026225.1,sequence_report,sequence_report.jsonl,627,d3fd9028d7d7b06293b8d8c8f8e300a97a455067e3bc75390649269ad111e377,https://www.ncbi.nlm.nih.gov/datasets/genome/GCF_000026225.1/,2026-09-13
GCF_000026225.1,assembly_data_report,assembly_data_report.jsonl,3943,51b8d5b306f32780efbf824588d389b661b90a800b7c5d7ac2b8fc4c5b777528,https://www.ncbi.nlm.nih.gov/datasets/genome/GCF_000026225.1/,2026-09-13
GCF_000026225.1,dataset_catalog,dataset_catalog.json,1146,ae1dc529f50ab00aeaf042a57db99d15b71a6160699f2b8a858fb68a97f6b7a2,https://www.ncbi.nlm.nih.gov/datasets/genome/GCF_000026225.1/,2026-09-13
GCF_002900365.1,ncbi_package_zip,ncbi_dataset.zip,7935587,4046a8daed50e389f507fe288bdb9e4767bc8e12594149f213e341b8252a80bc,https://www.ncbi.nlm.nih.gov/datasets/genome/GCF_002900365.1/,2026-09-13
GCF_002900365.1,reference_fasta,reference.fna,4957747,062250f26f8fedf2be000ff7a31c00f89f3c4c34046eeec95a96e6a085ea76e8,https://www.ncbi.nlm.nih.gov/datasets/genome/GCF_002900365.1/,2026-09-13
GCF_002900365.1,genbank_annotation,annotation.gbff,12698848,cf5301bd0cfb3014ca7445b63a432575e00c99bd528252cd0fdd3a93175987b3,https://www.ncbi.nlm.nih.gov/datasets/genome/GCF_002900365.1/,2026-09-13
GCF_002900365.1,gff3_annotation,annotation.gff3,2988139,f56be091d92624f317730f7c0c85770b451f172da44a70474b0cf20ecf90162c,https://www.ncbi.nlm.nih.gov/datasets/genome/GCF_002900365.1/,2026-09-13
GCF_002900365.1,cds_fasta,cds.fna,5284015,6b20c0f1861fea0a874ef2906c02612f7498b6f564ace4904191135b63d3fd7a,https://www.ncbi.nlm.nih.gov/datasets/genome/GCF_002900365.1/,2026-09-13
GCF_002900365.1,protein_fasta,protein.faa,1649886,afd9a34afe2d1ff22a82028ecdffa2d5fb09bb8a254faef17d49d09efc6ac387,https://www.ncbi.nlm.nih.gov/datasets/genome/GCF_002900365.1/,2026-09-13
GCF_002900365.1,sequence_report,sequence_report.jsonl,948,58125cd60e28e316fda1b9fc686266b297b061f3097a2de7d1dd283e0639ccef,https://www.ncbi.nlm.nih.gov/datasets/genome/GCF_002900365.1/,2026-09-13
GCF_002900365.1,assembly_data_report,assembly_data_report.jsonl,3779,95b9101769d36984b8a3b194cd30efddac395f525f4eb1425d3a9e8af8530d31,https://www.ncbi.nlm.nih.gov/datasets/genome/GCF_002900365.1/,2026-09-13
GCF_002900365.1,dataset_catalog,dataset_catalog.json,1148,44df44bf61dc1a3b165def2c251ea3baee346aa78747ef7c27bae35b89b54b5e,https://www.ncbi.nlm.nih.gov/datasets/genome/GCF_002900365.1/,2026-09-13
