baseline_variant_key,baseline_gene_id,baseline_gene_name,baseline_primary_consequence,baseline_primary_impact,baseline_review_reasons,alternative_accession,alternative_label,relationship,comparison_status,comparable,alternative_gene_ids,alternative_gene_names,alternative_distinct_variant_count,alternative_high_impact_variants,alternative_has_high_impact_signal,alternative_has_annotation_warning,alternative_has_same_consequence_term,comparison_scope,context_category
NC_000913.3:38695:TA:T,b0038,caiB,frameshift_variant,HIGH,HIGH_PREDICTED_IMPACT,GCF_003697165.2,DSM 30083 / ATCC 11775,one_to_one,comparable,True,EAS44_RS20430,caiB,30,1,True,False,True,gene_level_only_no_variant_equivalence,comparable_with_high_impact_signal
NC_000913.3:38695:TA:T,b0038,caiB,frameshift_variant,HIGH,HIGH_PREDICTED_IMPACT,GCF_036503815.1,2017-02-2CC,one_to_one,comparable,True,AABJ99_RS19685,caiB,38,1,True,False,True,gene_level_only_no_variant_equivalence,comparable_with_high_impact_signal
NC_000913.3:38695:TA:T,b0038,caiB,frameshift_variant,HIGH,HIGH_PREDICTED_IMPACT,GCF_005843885.1,E4742,one_to_one,alternative_low_callability,False,FEM44_RS14685,caiB,15,0,False,False,False,gene_level_only_no_variant_equivalence,not_comparable
NC_000913.3:38695:TA:T,b0038,caiB,frameshift_variant,HIGH,HIGH_PREDICTED_IMPACT,GCF_000026225.1,ATCC 35469,one_to_one,alternative_low_callability,False,EFER_RS00480,caiB,0,0,False,False,False,gene_level_only_no_variant_equivalence,not_comparable
NC_000913.3:38695:TA:T,b0038,caiB,frameshift_variant,HIGH,HIGH_PREDICTED_IMPACT,GCF_002900365.1,HT073016,one_to_one,alternative_low_callability,False,C1192_RS12790,caiB,35,0,False,False,False,gene_level_only_no_variant_equivalence,not_comparable
NC_000913.3:185054:G:A,b0164,yaeI,stop_gained,HIGH,HIGH_PREDICTED_IMPACT,GCF_003697165.2,DSM 30083 / ATCC 11775,no_ortholog,no_ortholog,False,,,,,False,False,False,gene_level_only_no_variant_equivalence,not_comparable
NC_000913.3:185054:G:A,b0164,yaeI,stop_gained,HIGH,HIGH_PREDICTED_IMPACT,GCF_036503815.1,2017-02-2CC,one_to_one,alternative_low_callability,False,AABJ99_RS19020,yaeI,25,0,False,False,False,gene_level_only_no_variant_equivalence,not_comparable
NC_000913.3:185054:G:A,b0164,yaeI,stop_gained,HIGH,HIGH_PREDICTED_IMPACT,GCF_005843885.1,E4742,one_to_one,alternative_low_callability,False,FEM44_RS15305,yaeI,20,0,False,False,False,gene_level_only_no_variant_equivalence,not_comparable
NC_000913.3:185054:G:A,b0164,yaeI,stop_gained,HIGH,HIGH_PREDICTED_IMPACT,GCF_000026225.1,ATCC 35469,one_to_one,alternative_low_callability,False,EFER_RS01170,yaeI,0,0,False,False,False,gene_level_only_no_variant_equivalence,not_comparable
NC_000913.3:185054:G:A,b0164,yaeI,stop_gained,HIGH,HIGH_PREDICTED_IMPACT,GCF_002900365.1,HT073016,one_to_one,alternative_low_callability,False,C1192_RS12115,yaeI,0,0,False,False,False,gene_level_only_no_variant_equivalence,not_comparable
NC_000913.3:217899:G:A,b0194,proS,stop_gained,HIGH,HIGH_PREDICTED_IMPACT,GCF_003697165.2,DSM 30083 / ATCC 11775,one_to_one,comparable,True,EAS44_RS19620,proS,53,0,False,False,False,gene_level_only_no_variant_equivalence,comparable_without_high_impact_signal
NC_000913.3:217899:G:A,b0194,proS,stop_gained,HIGH,HIGH_PREDICTED_IMPACT,GCF_036503815.1,2017-02-2CC,one_to_one,comparable,True,AABJ99_RS18870,proS,81,0,False,False,False,gene_level_only_no_variant_equivalence,comparable_without_high_impact_signal
NC_000913.3:217899:G:A,b0194,proS,stop_gained,HIGH,HIGH_PREDICTED_IMPACT,GCF_005843885.1,E4742,one_to_one,alternative_low_callability,False,FEM44_RS15455,proS,0,0,False,False,False,gene_level_only_no_variant_equivalence,not_comparable
NC_000913.3:217899:G:A,b0194,proS,stop_gained,HIGH,HIGH_PREDICTED_IMPACT,GCF_000026225.1,ATCC 35469,one_to_one,alternative_low_callability,False,EFER_RS01320,proS,0,0,False,False,False,gene_level_only_no_variant_equivalence,not_comparable
NC_000913.3:217899:G:A,b0194,proS,stop_gained,HIGH,HIGH_PREDICTED_IMPACT,GCF_002900365.1,HT073016,one_to_one,alternative_low_callability,False,C1192_RS11950,proS,48,0,False,False,False,gene_level_only_no_variant_equivalence,not_comparable
NC_000913.3:223403:C:T,b0200,gmhB,stop_gained,HIGH,HIGH_PREDICTED_IMPACT,GCF_003697165.2,DSM 30083 / ATCC 11775,one_to_one,comparable,True,EAS44_RS19590,gmhB,9,0,False,False,False,gene_level_only_no_variant_equivalence,comparable_without_high_impact_signal
NC_000913.3:223403:C:T,b0200,gmhB,stop_gained,HIGH,HIGH_PREDICTED_IMPACT,GCF_036503815.1,2017-02-2CC,one_to_one,comparable,True,AABJ99_RS18840,gmhB,11,0,False,False,False,gene_level_only_no_variant_equivalence,comparable_without_high_impact_signal
NC_000913.3:223403:C:T,b0200,gmhB,stop_gained,HIGH,HIGH_PREDICTED_IMPACT,GCF_005843885.1,E4742,one_to_one,alternative_low_callability,False,FEM44_RS15485,gmhB,0,0,False,False,False,gene_level_only_no_variant_equivalence,not_comparable
NC_000913.3:223403:C:T,b0200,gmhB,stop_gained,HIGH,HIGH_PREDICTED_IMPACT,GCF_000026225.1,ATCC 35469,one_to_one,alternative_low_callability,False,EFER_RS01350,gmhB,0,0,False,False,False,gene_level_only_no_variant_equivalence,not_comparable
NC_000913.3:223403:C:T,b0200,gmhB,stop_gained,HIGH,HIGH_PREDICTED_IMPACT,GCF_002900365.1,HT073016,one_to_one,alternative_low_callability,False,C1192_RS11920,gmhB,0,0,False,False,False,gene_level_only_no_variant_equivalence,not_comparable
NC_000913.3:271817:G:A,b4587,insN,missense_variant,MODERATE,ANNOTATION_WARNING,GCF_003697165.2,DSM 30083 / ATCC 11775,no_protein,no_protein,False,,,,,False,False,False,gene_level_only_no_variant_equivalence,not_comparable
NC_000913.3:271817:G:A,b4587,insN,missense_variant,MODERATE,ANNOTATION_WARNING,GCF_036503815.1,2017-02-2CC,no_protein,no_protein,False,,,,,False,False,False,gene_level_only_no_variant_equivalence,not_comparable
NC_000913.3:271817:G:A,b4587,insN,missense_variant,MODERATE,ANNOTATION_WARNING,GCF_005843885.1,E4742,no_protein,no_protein,False,,,,,False,False,False,gene_level_only_no_variant_equivalence,not_comparable
NC_000913.3:271817:G:A,b4587,insN,missense_variant,MODERATE,ANNOTATION_WARNING,GCF_000026225.1,ATCC 35469,no_protein,no_protein,False,,,,,False,False,False,gene_level_only_no_variant_equivalence,not_comparable
NC_000913.3:271817:G:A,b4587,insN,missense_variant,MODERATE,ANNOTATION_WARNING,GCF_002900365.1,HT073016,no_protein,no_protein,False,,,,,False,False,False,gene_level_only_no_variant_equivalence,not_comparable
NC_000913.3:271822:G:A,b4587,insN,missense_variant,MODERATE,ANNOTATION_WARNING,GCF_003697165.2,DSM 30083 / ATCC 11775,no_protein,no_protein,False,,,,,False,False,False,gene_level_only_no_variant_equivalence,not_comparable
NC_000913.3:271822:G:A,b4587,insN,missense_variant,MODERATE,ANNOTATION_WARNING,GCF_036503815.1,2017-02-2CC,no_protein,no_protein,False,,,,,False,False,False,gene_level_only_no_variant_equivalence,not_comparable
NC_000913.3:271822:G:A,b4587,insN,missense_variant,MODERATE,ANNOTATION_WARNING,GCF_005843885.1,E4742,no_protein,no_protein,False,,,,,False,False,False,gene_level_only_no_variant_equivalence,not_comparable
NC_000913.3:271822:G:A,b4587,insN,missense_variant,MODERATE,ANNOTATION_WARNING,GCF_000026225.1,ATCC 35469,no_protein,no_protein,False,,,,,False,False,False,gene_level_only_no_variant_equivalence,not_comparable
NC_000913.3:271822:G:A,b4587,insN,missense_variant,MODERATE,ANNOTATION_WARNING,GCF_002900365.1,HT073016,no_protein,no_protein,False,,,,,False,False,False,gene_level_only_no_variant_equivalence,not_comparable
NC_000913.3:271834:C:T,b4587,insN,missense_variant,MODERATE,ANNOTATION_WARNING,GCF_003697165.2,DSM 30083 / ATCC 11775,no_protein,no_protein,False,,,,,False,False,False,gene_level_only_no_variant_equivalence,not_comparable
NC_000913.3:271834:C:T,b4587,insN,missense_variant,MODERATE,ANNOTATION_WARNING,GCF_036503815.1,2017-02-2CC,no_protein,no_protein,False,,,,,False,False,False,gene_level_only_no_variant_equivalence,not_comparable
NC_000913.3:271834:C:T,b4587,insN,missense_variant,MODERATE,ANNOTATION_WARNING,GCF_005843885.1,E4742,no_protein,no_protein,False,,,,,False,False,False,gene_level_only_no_variant_equivalence,not_comparable
NC_000913.3:271834:C:T,b4587,insN,missense_variant,MODERATE,ANNOTATION_WARNING,GCF_000026225.1,ATCC 35469,no_protein,no_protein,False,,,,,False,False,False,gene_level_only_no_variant_equivalence,not_comparable
NC_000913.3:271834:C:T,b4587,insN,missense_variant,MODERATE,ANNOTATION_WARNING,GCF_002900365.1,HT073016,no_protein,no_protein,False,,,,,False,False,False,gene_level_only_no_variant_equivalence,not_comparable
NC_000913.3:271838:T:A,b4587,insN,missense_variant,MODERATE,ANNOTATION_WARNING,GCF_003697165.2,DSM 30083 / ATCC 11775,no_protein,no_protein,False,,,,,False,False,False,gene_level_only_no_variant_equivalence,not_comparable
NC_000913.3:271838:T:A,b4587,insN,missense_variant,MODERATE,ANNOTATION_WARNING,GCF_036503815.1,2017-02-2CC,no_protein,no_protein,False,,,,,False,False,False,gene_level_only_no_variant_equivalence,not_comparable
NC_000913.3:271838:T:A,b4587,insN,missense_variant,MODERATE,ANNOTATION_WARNING,GCF_005843885.1,E4742,no_protein,no_protein,False,,,,,False,False,False,gene_level_only_no_variant_equivalence,not_comparable
NC_000913.3:271838:T:A,b4587,insN,missense_variant,MODERATE,ANNOTATION_WARNING,GCF_000026225.1,ATCC 35469,no_protein,no_protein,False,,,,,False,False,False,gene_level_only_no_variant_equivalence,not_comparable
NC_000913.3:271838:T:A,b4587,insN,missense_variant,MODERATE,ANNOTATION_WARNING,GCF_002900365.1,HT073016,no_protein,no_protein,False,,,,,False,False,False,gene_level_only_no_variant_equivalence,not_comparable
NC_000913.3:271876:A:G,b4587,insN,missense_variant,MODERATE,ANNOTATION_WARNING,GCF_003697165.2,DSM 30083 / ATCC 11775,no_protein,no_protein,False,,,,,False,False,False,gene_level_only_no_variant_equivalence,not_comparable
NC_000913.3:271876:A:G,b4587,insN,missense_variant,MODERATE,ANNOTATION_WARNING,GCF_036503815.1,2017-02-2CC,no_protein,no_protein,False,,,,,False,False,False,gene_level_only_no_variant_equivalence,not_comparable
NC_000913.3:271876:A:G,b4587,insN,missense_variant,MODERATE,ANNOTATION_WARNING,GCF_005843885.1,E4742,no_protein,no_protein,False,,,,,False,False,False,gene_level_only_no_variant_equivalence,not_comparable
NC_000913.3:271876:A:G,b4587,insN,missense_variant,MODERATE,ANNOTATION_WARNING,GCF_000026225.1,ATCC 35469,no_protein,no_protein,False,,,,,False,False,False,gene_level_only_no_variant_equivalence,not_comparable
NC_000913.3:271876:A:G,b4587,insN,missense_variant,MODERATE,ANNOTATION_WARNING,GCF_002900365.1,HT073016,no_protein,no_protein,False,,,,,False,False,False,gene_level_only_no_variant_equivalence,not_comparable
NC_000913.3:271901:G:A,b4587,insN,missense_variant,MODERATE,ANNOTATION_WARNING,GCF_003697165.2,DSM 30083 / ATCC 11775,no_protein,no_protein,False,,,,,False,False,False,gene_level_only_no_variant_equivalence,not_comparable
NC_000913.3:271901:G:A,b4587,insN,missense_variant,MODERATE,ANNOTATION_WARNING,GCF_036503815.1,2017-02-2CC,no_protein,no_protein,False,,,,,False,False,False,gene_level_only_no_variant_equivalence,not_comparable
NC_000913.3:271901:G:A,b4587,insN,missense_variant,MODERATE,ANNOTATION_WARNING,GCF_005843885.1,E4742,no_protein,no_protein,False,,,,,False,False,False,gene_level_only_no_variant_equivalence,not_comparable
NC_000913.3:271901:G:A,b4587,insN,missense_variant,MODERATE,ANNOTATION_WARNING,GCF_000026225.1,ATCC 35469,no_protein,no_protein,False,,,,,False,False,False,gene_level_only_no_variant_equivalence,not_comparable
NC_000913.3:271901:G:A,b4587,insN,missense_variant,MODERATE,ANNOTATION_WARNING,GCF_002900365.1,HT073016,no_protein,no_protein,False,,,,,False,False,False,gene_level_only_no_variant_equivalence,not_comparable
NC_000913.3:271943:A:G,b4587,insN,missense_variant,MODERATE,ANNOTATION_WARNING,GCF_003697165.2,DSM 30083 / ATCC 11775,no_protein,no_protein,False,,,,,False,False,False,gene_level_only_no_variant_equivalence,not_comparable
NC_000913.3:271943:A:G,b4587,insN,missense_variant,MODERATE,ANNOTATION_WARNING,GCF_036503815.1,2017-02-2CC,no_protein,no_protein,False,,,,,False,False,False,gene_level_only_no_variant_equivalence,not_comparable
NC_000913.3:271943:A:G,b4587,insN,missense_variant,MODERATE,ANNOTATION_WARNING,GCF_005843885.1,E4742,no_protein,no_protein,False,,,,,False,False,False,gene_level_only_no_variant_equivalence,not_comparable
NC_000913.3:271943:A:G,b4587,insN,missense_variant,MODERATE,ANNOTATION_WARNING,GCF_000026225.1,ATCC 35469,no_protein,no_protein,False,,,,,False,False,False,gene_level_only_no_variant_equivalence,not_comparable
NC_000913.3:271943:A:G,b4587,insN,missense_variant,MODERATE,ANNOTATION_WARNING,GCF_002900365.1,HT073016,no_protein,no_protein,False,,,,,False,False,False,gene_level_only_no_variant_equivalence,not_comparable
NC_000913.3:271946:G:A,b4587,insN,missense_variant,MODERATE,ANNOTATION_WARNING,GCF_003697165.2,DSM 30083 / ATCC 11775,no_protein,no_protein,False,,,,,False,False,False,gene_level_only_no_variant_equivalence,not_comparable
NC_000913.3:271946:G:A,b4587,insN,missense_variant,MODERATE,ANNOTATION_WARNING,GCF_036503815.1,2017-02-2CC,no_protein,no_protein,False,,,,,False,False,False,gene_level_only_no_variant_equivalence,not_comparable
NC_000913.3:271946:G:A,b4587,insN,missense_variant,MODERATE,ANNOTATION_WARNING,GCF_005843885.1,E4742,no_protein,no_protein,False,,,,,False,False,False,gene_level_only_no_variant_equivalence,not_comparable
NC_000913.3:271946:G:A,b4587,insN,missense_variant,MODERATE,ANNOTATION_WARNING,GCF_000026225.1,ATCC 35469,no_protein,no_protein,False,,,,,False,False,False,gene_level_only_no_variant_equivalence,not_comparable
NC_000913.3:271946:G:A,b4587,insN,missense_variant,MODERATE,ANNOTATION_WARNING,GCF_002900365.1,HT073016,no_protein,no_protein,False,,,,,False,False,False,gene_level_only_no_variant_equivalence,not_comparable
NC_000913.3:310660:CT:C,b0293,ecpA,frameshift_variant,HIGH,HIGH_PREDICTED_IMPACT,GCF_003697165.2,DSM 30083 / ATCC 11775,one_to_one,comparable,True,EAS44_RS19195,ecpA,13,0,False,False,False,gene_level_only_no_variant_equivalence,comparable_without_high_impact_signal
NC_000913.3:310660:CT:C,b0293,ecpA,frameshift_variant,HIGH,HIGH_PREDICTED_IMPACT,GCF_036503815.1,2017-02-2CC,one_to_one,comparable,True,AABJ99_RS18345,ecpA,9,1,True,True,True,gene_level_only_no_variant_equivalence,comparable_with_high_impact_signal
NC_000913.3:310660:CT:C,b0293,ecpA,frameshift_variant,HIGH,HIGH_PREDICTED_IMPACT,GCF_005843885.1,E4742,no_ortholog,no_ortholog,False,,,,,False,False,False,gene_level_only_no_variant_equivalence,not_comparable
NC_000913.3:310660:CT:C,b0293,ecpA,frameshift_variant,HIGH,HIGH_PREDICTED_IMPACT,GCF_000026225.1,ATCC 35469,no_ortholog,no_ortholog,False,,,,,False,False,False,gene_level_only_no_variant_equivalence,not_comparable
NC_000913.3:310660:CT:C,b0293,ecpA,frameshift_variant,HIGH,HIGH_PREDICTED_IMPACT,GCF_002900365.1,HT073016,no_ortholog,no_ortholog,False,,,,,False,False,False,gene_level_only_no_variant_equivalence,not_comparable
NC_000913.3:676037:G:A,b0644,ybeQ,stop_gained,HIGH,HIGH_PREDICTED_IMPACT,GCF_003697165.2,DSM 30083 / ATCC 11775,no_ortholog,no_ortholog,False,,,,,False,False,False,gene_level_only_no_variant_equivalence,not_comparable
NC_000913.3:676037:G:A,b0644,ybeQ,stop_gained,HIGH,HIGH_PREDICTED_IMPACT,GCF_036503815.1,2017-02-2CC,one_to_one,comparable,True,AABJ99_RS16610,ybeQ,48,1,True,False,True,gene_level_only_no_variant_equivalence,comparable_with_high_impact_signal
NC_000913.3:676037:G:A,b0644,ybeQ,stop_gained,HIGH,HIGH_PREDICTED_IMPACT,GCF_005843885.1,E4742,one_to_one,alternative_low_callability,False,FEM44_RS17640,ybeQ,0,0,False,False,False,gene_level_only_no_variant_equivalence,not_comparable
NC_000913.3:676037:G:A,b0644,ybeQ,stop_gained,HIGH,HIGH_PREDICTED_IMPACT,GCF_000026225.1,ATCC 35469,one_to_one,alternative_low_callability,False,EFER_RS12435,ybeQ,16,0,False,False,False,gene_level_only_no_variant_equivalence,not_comparable
NC_000913.3:676037:G:A,b0644,ybeQ,stop_gained,HIGH,HIGH_PREDICTED_IMPACT,GCF_002900365.1,HT073016,no_ortholog,no_ortholog,False,,,,,False,False,False,gene_level_only_no_variant_equivalence,not_comparable
NC_000913.3:873129:C:T,b0833,pdeI,stop_gained,HIGH,HIGH_PREDICTED_IMPACT,GCF_003697165.2,DSM 30083 / ATCC 11775,one_to_one,comparable,True,EAS44_RS16725,pdeI,66,1,True,False,True,gene_level_only_no_variant_equivalence,comparable_with_high_impact_signal
NC_000913.3:873129:C:T,b0833,pdeI,stop_gained,HIGH,HIGH_PREDICTED_IMPACT,GCF_036503815.1,2017-02-2CC,one_to_one,comparable,True,AABJ99_RS15560,pdeI,35,1,True,False,True,gene_level_only_no_variant_equivalence,comparable_with_high_impact_signal
NC_000913.3:873129:C:T,b0833,pdeI,stop_gained,HIGH,HIGH_PREDICTED_IMPACT,GCF_005843885.1,E4742,one_to_one,alternative_low_callability,False,FEM44_RS18680,FEM44_RS18680,8,0,False,False,False,gene_level_only_no_variant_equivalence,not_comparable
NC_000913.3:873129:C:T,b0833,pdeI,stop_gained,HIGH,HIGH_PREDICTED_IMPACT,GCF_000026225.1,ATCC 35469,one_to_one,alternative_low_callability,False,EFER_RS04985,EFER_RS04985,0,0,False,False,False,gene_level_only_no_variant_equivalence,not_comparable
NC_000913.3:873129:C:T,b0833,pdeI,stop_gained,HIGH,HIGH_PREDICTED_IMPACT,GCF_002900365.1,HT073016,one_to_one,alternative_low_callability,False,C1192_RS08150,C1192_RS08150,16,1,True,False,True,gene_level_only_no_variant_equivalence,not_comparable
NC_000913.3:1181371:TA:T,b1122,ymfA,frameshift_variant,HIGH,HIGH_PREDICTED_IMPACT,GCF_003697165.2,DSM 30083 / ATCC 11775,one_to_one,comparable,True,EAS44_RS15350,ymfA,16,1,True,True,True,gene_level_only_no_variant_equivalence,comparable_with_high_impact_signal
NC_000913.3:1181371:TA:T,b1122,ymfA,frameshift_variant,HIGH,HIGH_PREDICTED_IMPACT,GCF_036503815.1,2017-02-2CC,no_ortholog,no_ortholog,False,,,,,False,False,False,gene_level_only_no_variant_equivalence,not_comparable
NC_000913.3:1181371:TA:T,b1122,ymfA,frameshift_variant,HIGH,HIGH_PREDICTED_IMPACT,GCF_005843885.1,E4742,no_ortholog,no_ortholog,False,,,,,False,False,False,gene_level_only_no_variant_equivalence,not_comparable
NC_000913.3:1181371:TA:T,b1122,ymfA,frameshift_variant,HIGH,HIGH_PREDICTED_IMPACT,GCF_000026225.1,ATCC 35469,one_to_one,alternative_low_callability,False,EFER_RS06505,EFER_RS06505,4,0,False,False,False,gene_level_only_no_variant_equivalence,not_comparable
NC_000913.3:1181371:TA:T,b1122,ymfA,frameshift_variant,HIGH,HIGH_PREDICTED_IMPACT,GCF_002900365.1,HT073016,one_to_one,alternative_low_callability,False,C1192_RS06630,C1192_RS06630,0,0,False,False,False,gene_level_only_no_variant_equivalence,not_comparable
NC_000913.3:1229906:G:GT,b1182,hlyE,frameshift_variant,HIGH,HIGH_PREDICTED_IMPACT,GCF_003697165.2,DSM 30083 / ATCC 11775,no_ortholog,no_ortholog,False,,,,,False,False,False,gene_level_only_no_variant_equivalence,not_comparable
NC_000913.3:1229906:G:GT,b1182,hlyE,frameshift_variant,HIGH,HIGH_PREDICTED_IMPACT,GCF_036503815.1,2017-02-2CC,no_ortholog,no_ortholog,False,,,,,False,False,False,gene_level_only_no_variant_equivalence,not_comparable
NC_000913.3:1229906:G:GT,b1182,hlyE,frameshift_variant,HIGH,HIGH_PREDICTED_IMPACT,GCF_005843885.1,E4742,no_ortholog,no_ortholog,False,,,,,False,False,False,gene_level_only_no_variant_equivalence,not_comparable
NC_000913.3:1229906:G:GT,b1182,hlyE,frameshift_variant,HIGH,HIGH_PREDICTED_IMPACT,GCF_000026225.1,ATCC 35469,no_ortholog,no_ortholog,False,,,,,False,False,False,gene_level_only_no_variant_equivalence,not_comparable
NC_000913.3:1229906:G:GT,b1182,hlyE,frameshift_variant,HIGH,HIGH_PREDICTED_IMPACT,GCF_002900365.1,HT073016,no_ortholog,no_ortholog,False,,,,,False,False,False,gene_level_only_no_variant_equivalence,not_comparable
NC_000913.3:1399106:G:A,b1334,fnr,stop_gained,HIGH,HIGH_PREDICTED_IMPACT,GCF_003697165.2,DSM 30083 / ATCC 11775,one_to_one,comparable,True,EAS44_RS13640,fnr,14,1,True,False,True,gene_level_only_no_variant_equivalence,comparable_with_high_impact_signal
NC_000913.3:1399106:G:A,b1334,fnr,stop_gained,HIGH,HIGH_PREDICTED_IMPACT,GCF_036503815.1,2017-02-2CC,one_to_one,comparable,True,AABJ99_RS13055,fnr,12,1,True,False,True,gene_level_only_no_variant_equivalence,comparable_with_high_impact_signal
NC_000913.3:1399106:G:A,b1334,fnr,stop_gained,HIGH,HIGH_PREDICTED_IMPACT,GCF_005843885.1,E4742,one_to_one,alternative_low_callability,False,FEM44_RS21730,fnr,39,1,True,False,True,gene_level_only_no_variant_equivalence,not_comparable
NC_000913.3:1399106:G:A,b1334,fnr,stop_gained,HIGH,HIGH_PREDICTED_IMPACT,GCF_000026225.1,ATCC 35469,one_to_one,alternative_low_callability,False,EFER_RS08260,fnr,3,0,False,False,False,gene_level_only_no_variant_equivalence,not_comparable
NC_000913.3:1399106:G:A,b1334,fnr,stop_gained,HIGH,HIGH_PREDICTED_IMPACT,GCF_002900365.1,HT073016,one_to_one,alternative_low_callability,False,C1192_RS05455,fnr,11,0,False,False,False,gene_level_only_no_variant_equivalence,not_comparable
NC_000913.3:1475253:C:A,b1407,ydbD,stop_gained,HIGH,HIGH_PREDICTED_IMPACT,GCF_003697165.2,DSM 30083 / ATCC 11775,no_ortholog,no_ortholog,False,,,,,False,False,False,gene_level_only_no_variant_equivalence,not_comparable
NC_000913.3:1475253:C:A,b1407,ydbD,stop_gained,HIGH,HIGH_PREDICTED_IMPACT,GCF_036503815.1,2017-02-2CC,one_to_many,one_to_many,False,AABJ99_RS12935;AABJ99_RS17815,AABJ99_RS17815;ydbD,,,False,False,False,gene_level_only_no_variant_equivalence,not_comparable
NC_000913.3:1475253:C:A,b1407,ydbD,stop_gained,HIGH,HIGH_PREDICTED_IMPACT,GCF_005843885.1,E4742,one_to_one,alternative_low_callability,False,FEM44_RS16500,FEM44_RS16500,0,0,False,False,False,gene_level_only_no_variant_equivalence,not_comparable
NC_000913.3:1475253:C:A,b1407,ydbD,stop_gained,HIGH,HIGH_PREDICTED_IMPACT,GCF_000026225.1,ATCC 35469,one_to_one,alternative_low_callability,False,EFER_RS08040,EFER_RS08040,30,0,False,False,False,gene_level_only_no_variant_equivalence,not_comparable
NC_000913.3:1475253:C:A,b1407,ydbD,stop_gained,HIGH,HIGH_PREDICTED_IMPACT,GCF_002900365.1,HT073016,no_ortholog,no_ortholog,False,,,,,False,False,False,gene_level_only_no_variant_equivalence,not_comparable
NC_000913.3:1533276:G:GT,b1461,pptA,frameshift_variant,HIGH,HIGH_PREDICTED_IMPACT,GCF_003697165.2,DSM 30083 / ATCC 11775,no_ortholog,no_ortholog,False,,,,,False,False,False,gene_level_only_no_variant_equivalence,not_comparable
NC_000913.3:1533276:G:GT,b1461,pptA,frameshift_variant,HIGH,HIGH_PREDICTED_IMPACT,GCF_036503815.1,2017-02-2CC,no_ortholog,no_ortholog,False,,,,,False,False,False,gene_level_only_no_variant_equivalence,not_comparable
NC_000913.3:1533276:G:GT,b1461,pptA,frameshift_variant,HIGH,HIGH_PREDICTED_IMPACT,GCF_005843885.1,E4742,one_to_one,alternative_low_callability,False,FEM44_RS22415,pptA,10,0,False,False,False,gene_level_only_no_variant_equivalence,not_comparable
NC_000913.3:1533276:G:GT,b1461,pptA,frameshift_variant,HIGH,HIGH_PREDICTED_IMPACT,GCF_000026225.1,ATCC 35469,one_to_one,alternative_low_callability,False,EFER_RS07455,pptA,0,0,False,False,False,gene_level_only_no_variant_equivalence,not_comparable
NC_000913.3:1533276:G:GT,b1461,pptA,frameshift_variant,HIGH,HIGH_PREDICTED_IMPACT,GCF_002900365.1,HT073016,one_to_one,alternative_low_callability,False,C1192_RS04690,pptA,0,0,False,False,False,gene_level_only_no_variant_equivalence,not_comparable
NC_000913.3:1535294:T:A,b1464,yddE,stop_gained,HIGH,HIGH_PREDICTED_IMPACT,GCF_003697165.2,DSM 30083 / ATCC 11775,one_to_one,alternative_low_callability,False,EAS44_RS13240,yddE,36,1,True,False,True,gene_level_only_no_variant_equivalence,not_comparable
NC_000913.3:1535294:T:A,b1464,yddE,stop_gained,HIGH,HIGH_PREDICTED_IMPACT,GCF_036503815.1,2017-02-2CC,one_to_one,alternative_low_callability,False,AABJ99_RS12555,yddE,15,0,False,False,False,gene_level_only_no_variant_equivalence,not_comparable
NC_000913.3:1535294:T:A,b1464,yddE,stop_gained,HIGH,HIGH_PREDICTED_IMPACT,GCF_005843885.1,E4742,one_to_one,alternative_low_callability,False,FEM44_RS22430,FEM44_RS22430,25,0,False,False,False,gene_level_only_no_variant_equivalence,not_comparable
NC_000913.3:1535294:T:A,b1464,yddE,stop_gained,HIGH,HIGH_PREDICTED_IMPACT,GCF_000026225.1,ATCC 35469,one_to_many,one_to_many,False,EFER_RS07435;EFER_RS09010,EFER_RS07435;EFER_RS09010,,,False,False,False,gene_level_only_no_variant_equivalence,not_comparable
NC_000913.3:1535294:T:A,b1464,yddE,stop_gained,HIGH,HIGH_PREDICTED_IMPACT,GCF_002900365.1,HT073016,one_to_one,alternative_low_callability,False,C1192_RS04705,C1192_RS04705,9,0,False,False,False,gene_level_only_no_variant_equivalence,not_comparable
NC_000913.3:1771072:T:C,b1690,ydiM,start_lost,HIGH,HIGH_PREDICTED_IMPACT,GCF_003697165.2,DSM 30083 / ATCC 11775,one_to_one,comparable,True,EAS44_RS12280,ydiM,53,2,True,False,True,gene_level_only_no_variant_equivalence,comparable_with_high_impact_signal
NC_000913.3:1771072:T:C,b1690,ydiM,start_lost,HIGH,HIGH_PREDICTED_IMPACT,GCF_036503815.1,2017-02-2CC,one_to_one,comparable,True,AABJ99_RS11325,ydiM,36,2,True,False,True,gene_level_only_no_variant_equivalence,comparable_with_high_impact_signal
NC_000913.3:1771072:T:C,b1690,ydiM,start_lost,HIGH,HIGH_PREDICTED_IMPACT,GCF_005843885.1,E4742,one_to_one,alternative_low_callability,False,FEM44_RS23390,FEM44_RS23390,0,0,False,False,False,gene_level_only_no_variant_equivalence,not_comparable
NC_000913.3:1771072:T:C,b1690,ydiM,start_lost,HIGH,HIGH_PREDICTED_IMPACT,GCF_000026225.1,ATCC 35469,one_to_one,alternative_low_callability,False,EFER_RS00695,EFER_RS00695,0,0,False,False,False,gene_level_only_no_variant_equivalence,not_comparable
NC_000913.3:1771072:T:C,b1690,ydiM,start_lost,HIGH,HIGH_PREDICTED_IMPACT,GCF_002900365.1,HT073016,no_ortholog,no_ortholog,False,,,,,False,False,False,gene_level_only_no_variant_equivalence,not_comparable
NC_000913.3:1771368:GT:G,b1690,ydiM,frameshift_variant,HIGH,HIGH_PREDICTED_IMPACT,GCF_003697165.2,DSM 30083 / ATCC 11775,one_to_one,comparable,True,EAS44_RS12280,ydiM,53,2,True,False,True,gene_level_only_no_variant_equivalence,comparable_with_high_impact_signal
NC_000913.3:1771368:GT:G,b1690,ydiM,frameshift_variant,HIGH,HIGH_PREDICTED_IMPACT,GCF_036503815.1,2017-02-2CC,one_to_one,comparable,True,AABJ99_RS11325,ydiM,36,2,True,False,True,gene_level_only_no_variant_equivalence,comparable_with_high_impact_signal
NC_000913.3:1771368:GT:G,b1690,ydiM,frameshift_variant,HIGH,HIGH_PREDICTED_IMPACT,GCF_005843885.1,E4742,one_to_one,alternative_low_callability,False,FEM44_RS23390,FEM44_RS23390,0,0,False,False,False,gene_level_only_no_variant_equivalence,not_comparable
NC_000913.3:1771368:GT:G,b1690,ydiM,frameshift_variant,HIGH,HIGH_PREDICTED_IMPACT,GCF_000026225.1,ATCC 35469,one_to_one,alternative_low_callability,False,EFER_RS00695,EFER_RS00695,0,0,False,False,False,gene_level_only_no_variant_equivalence,not_comparable
NC_000913.3:1771368:GT:G,b1690,ydiM,frameshift_variant,HIGH,HIGH_PREDICTED_IMPACT,GCF_002900365.1,HT073016,no_ortholog,no_ortholog,False,,,,,False,False,False,gene_level_only_no_variant_equivalence,not_comparable
NC_000913.3:1791795:TA:T,b1707,rflP,frameshift_variant,HIGH,HIGH_PREDICTED_IMPACT,GCF_003697165.2,DSM 30083 / ATCC 11775,no_ortholog,no_ortholog,False,,,,,False,False,False,gene_level_only_no_variant_equivalence,not_comparable
NC_000913.3:1791795:TA:T,b1707,rflP,frameshift_variant,HIGH,HIGH_PREDICTED_IMPACT,GCF_036503815.1,2017-02-2CC,one_to_one,comparable,True,AABJ99_RS11240,ydiV,24,1,True,False,True,gene_level_only_no_variant_equivalence,comparable_with_high_impact_signal
NC_000913.3:1791795:TA:T,b1707,rflP,frameshift_variant,HIGH,HIGH_PREDICTED_IMPACT,GCF_005843885.1,E4742,one_to_one,alternative_low_callability,False,FEM44_RS23475,FEM44_RS23475,0,0,False,False,False,gene_level_only_no_variant_equivalence,not_comparable
NC_000913.3:1791795:TA:T,b1707,rflP,frameshift_variant,HIGH,HIGH_PREDICTED_IMPACT,GCF_000026225.1,ATCC 35469,one_to_one,alternative_low_callability,False,EFER_RS06855,EFER_RS06855,0,0,False,False,False,gene_level_only_no_variant_equivalence,not_comparable
NC_000913.3:1791795:TA:T,b1707,rflP,frameshift_variant,HIGH,HIGH_PREDICTED_IMPACT,GCF_002900365.1,HT073016,one_to_one,alternative_low_callability,False,C1192_RS03755,C1192_RS03755,0,0,False,False,False,gene_level_only_no_variant_equivalence,not_comparable
NC_000913.3:1812352:G:A,b1730,ydjO,stop_gained,HIGH,HIGH_PREDICTED_IMPACT,GCF_003697165.2,DSM 30083 / ATCC 11775,no_ortholog,no_ortholog,False,,,,,False,False,False,gene_level_only_no_variant_equivalence,not_comparable
NC_000913.3:1812352:G:A,b1730,ydjO,stop_gained,HIGH,HIGH_PREDICTED_IMPACT,GCF_036503815.1,2017-02-2CC,no_ortholog,no_ortholog,False,,,,,False,False,False,gene_level_only_no_variant_equivalence,not_comparable
NC_000913.3:1812352:G:A,b1730,ydjO,stop_gained,HIGH,HIGH_PREDICTED_IMPACT,GCF_005843885.1,E4742,no_ortholog,no_ortholog,False,,,,,False,False,False,gene_level_only_no_variant_equivalence,not_comparable
NC_000913.3:1812352:G:A,b1730,ydjO,stop_gained,HIGH,HIGH_PREDICTED_IMPACT,GCF_000026225.1,ATCC 35469,no_ortholog,no_ortholog,False,,,,,False,False,False,gene_level_only_no_variant_equivalence,not_comparable
NC_000913.3:1812352:G:A,b1730,ydjO,stop_gained,HIGH,HIGH_PREDICTED_IMPACT,GCF_002900365.1,HT073016,no_ortholog,no_ortholog,False,,,,,False,False,False,gene_level_only_no_variant_equivalence,not_comparable
NC_000913.3:1866959:G:T,b1783,yeaG,stop_gained,HIGH,HIGH_PREDICTED_IMPACT,GCF_003697165.2,DSM 30083 / ATCC 11775,one_to_one,comparable,True,EAS44_RS11820,yeaG,35,1,True,False,True,gene_level_only_no_variant_equivalence,comparable_with_high_impact_signal
NC_000913.3:1866959:G:T,b1783,yeaG,stop_gained,HIGH,HIGH_PREDICTED_IMPACT,GCF_036503815.1,2017-02-2CC,one_to_one,comparable,True,AABJ99_RS10865,yeaG,72,1,True,False,True,gene_level_only_no_variant_equivalence,comparable_with_high_impact_signal
NC_000913.3:1866959:G:T,b1783,yeaG,stop_gained,HIGH,HIGH_PREDICTED_IMPACT,GCF_005843885.1,E4742,one_to_one,alternative_low_callability,False,FEM44_RS26130,FEM44_RS26130,28,1,True,True,False,gene_level_only_no_variant_equivalence,not_comparable
NC_000913.3:1866959:G:T,b1783,yeaG,stop_gained,HIGH,HIGH_PREDICTED_IMPACT,GCF_000026225.1,ATCC 35469,one_to_one,alternative_low_callability,False,EFER_RS09075,yeaG,40,0,False,False,False,gene_level_only_no_variant_equivalence,not_comparable
NC_000913.3:1866959:G:T,b1783,yeaG,stop_gained,HIGH,HIGH_PREDICTED_IMPACT,GCF_002900365.1,HT073016,one_to_one,alternative_low_callability,False,C1192_RS03405,yeaG,64,0,False,False,False,gene_level_only_no_variant_equivalence,not_comparable
NC_000913.3:1877379:G:A,b1793,yoaF,stop_gained,HIGH,HIGH_PREDICTED_IMPACT,GCF_003697165.2,DSM 30083 / ATCC 11775,one_to_one,comparable,True,EAS44_RS11770,yoaF,3,1,True,False,True,gene_level_only_no_variant_equivalence,comparable_with_high_impact_signal
NC_000913.3:1877379:G:A,b1793,yoaF,stop_gained,HIGH,HIGH_PREDICTED_IMPACT,GCF_036503815.1,2017-02-2CC,one_to_one,comparable,True,AABJ99_RS10815,yoaF,3,1,True,False,True,gene_level_only_no_variant_equivalence,comparable_with_high_impact_signal
NC_000913.3:1877379:G:A,b1793,yoaF,stop_gained,HIGH,HIGH_PREDICTED_IMPACT,GCF_005843885.1,E4742,one_to_one,alternative_low_callability,False,FEM44_RS23845,FEM44_RS23845,0,0,False,False,False,gene_level_only_no_variant_equivalence,not_comparable
NC_000913.3:1877379:G:A,b1793,yoaF,stop_gained,HIGH,HIGH_PREDICTED_IMPACT,GCF_000026225.1,ATCC 35469,one_to_one,alternative_low_callability,False,EFER_RS09120,EFER_RS09120,0,0,False,False,False,gene_level_only_no_variant_equivalence,not_comparable
NC_000913.3:1877379:G:A,b1793,yoaF,stop_gained,HIGH,HIGH_PREDICTED_IMPACT,GCF_002900365.1,HT073016,one_to_one,alternative_low_callability,False,C1192_RS03365,C1192_RS03365,0,0,False,False,False,gene_level_only_no_variant_equivalence,not_comparable
NC_000913.3:2192632:T:TGGCAGCATCA,b2112,yehE,frameshift_variant,HIGH,HIGH_PREDICTED_IMPACT,GCF_003697165.2,DSM 30083 / ATCC 11775,one_to_one,both_low_callability,False,EAS44_RS09735,yehE,6,0,False,False,False,gene_level_only_no_variant_equivalence,not_comparable
NC_000913.3:2192632:T:TGGCAGCATCA,b2112,yehE,frameshift_variant,HIGH,HIGH_PREDICTED_IMPACT,GCF_036503815.1,2017-02-2CC,one_to_one,both_low_callability,False,AABJ99_RS08695,yehE,6,0,False,False,False,gene_level_only_no_variant_equivalence,not_comparable
NC_000913.3:2192632:T:TGGCAGCATCA,b2112,yehE,frameshift_variant,HIGH,HIGH_PREDICTED_IMPACT,GCF_005843885.1,E4742,one_to_one,both_low_callability,False,FEM44_RS00775,FEM44_RS00775,0,0,False,False,False,gene_level_only_no_variant_equivalence,not_comparable
NC_000913.3:2192632:T:TGGCAGCATCA,b2112,yehE,frameshift_variant,HIGH,HIGH_PREDICTED_IMPACT,GCF_000026225.1,ATCC 35469,one_to_one,both_low_callability,False,EFER_RS11030,EFER_RS11030,0,0,False,False,False,gene_level_only_no_variant_equivalence,not_comparable
NC_000913.3:2192632:T:TGGCAGCATCA,b2112,yehE,frameshift_variant,HIGH,HIGH_PREDICTED_IMPACT,GCF_002900365.1,HT073016,one_to_one,both_low_callability,False,C1192_RS01405,C1192_RS01405,0,0,False,False,False,gene_level_only_no_variant_equivalence,not_comparable
NC_000913.3:2197297:G:T,b2115,yehF,stop_lost,HIGH,HIGH_PREDICTED_IMPACT,GCF_003697165.2,DSM 30083 / ATCC 11775,one_to_one,alternative_low_callability,False,EAS44_RS09720,EAS44_RS09720,146,0,False,False,False,gene_level_only_no_variant_equivalence,not_comparable
NC_000913.3:2197297:G:T,b2115,yehF,stop_lost,HIGH,HIGH_PREDICTED_IMPACT,GCF_036503815.1,2017-02-2CC,one_to_one,alternative_low_callability,False,AABJ99_RS08675,AABJ99_RS08675,86,0,False,False,False,gene_level_only_no_variant_equivalence,not_comparable
NC_000913.3:2197297:G:T,b2115,yehF,stop_lost,HIGH,HIGH_PREDICTED_IMPACT,GCF_005843885.1,E4742,one_to_one,alternative_low_callability,False,FEM44_RS00800,FEM44_RS00800,22,0,False,False,False,gene_level_only_no_variant_equivalence,not_comparable
NC_000913.3:2197297:G:T,b2115,yehF,stop_lost,HIGH,HIGH_PREDICTED_IMPACT,GCF_000026225.1,ATCC 35469,one_to_one,alternative_low_callability,False,EFER_RS11050,EFER_RS11050,42,0,False,False,False,gene_level_only_no_variant_equivalence,not_comparable
NC_000913.3:2197297:G:T,b2115,yehF,stop_lost,HIGH,HIGH_PREDICTED_IMPACT,GCF_002900365.1,HT073016,one_to_one,alternative_low_callability,False,C1192_RS26265,C1192_RS26265,0,0,False,False,False,gene_level_only_no_variant_equivalence,not_comparable
NC_000913.3:2210942:T:G,b2122,yehQ,stop_lost,HIGH,HIGH_PREDICTED_IMPACT,GCF_003697165.2,DSM 30083 / ATCC 11775,one_to_one,comparable,True,EAS44_RS09690,yehQ,92,0,False,False,False,gene_level_only_no_variant_equivalence,comparable_without_high_impact_signal
NC_000913.3:2210942:T:G,b2122,yehQ,stop_lost,HIGH,HIGH_PREDICTED_IMPACT,GCF_036503815.1,2017-02-2CC,one_to_one,alternative_low_callability,False,AABJ99_RS08640,AABJ99_RS08640,64,0,False,False,False,gene_level_only_no_variant_equivalence,not_comparable
NC_000913.3:2210942:T:G,b2122,yehQ,stop_lost,HIGH,HIGH_PREDICTED_IMPACT,GCF_005843885.1,E4742,one_to_one,alternative_low_callability,False,FEM44_RS00830,FEM44_RS00830,36,0,False,False,False,gene_level_only_no_variant_equivalence,not_comparable
NC_000913.3:2210942:T:G,b2122,yehQ,stop_lost,HIGH,HIGH_PREDICTED_IMPACT,GCF_000026225.1,ATCC 35469,one_to_one,alternative_low_callability,False,EFER_RS11090,EFER_RS11090,43,0,False,False,False,gene_level_only_no_variant_equivalence,not_comparable
NC_000913.3:2210942:T:G,b2122,yehQ,stop_lost,HIGH,HIGH_PREDICTED_IMPACT,GCF_002900365.1,HT073016,one_to_one,alternative_low_callability,False,C1192_RS01350,yehQ,0,0,False,False,False,gene_level_only_no_variant_equivalence,not_comparable
NC_000913.3:2240226:AGACAT:A,b2150,mglB,frameshift_variant,HIGH,HIGH_PREDICTED_IMPACT,GCF_003697165.2,DSM 30083 / ATCC 11775,one_to_one,comparable,True,EAS44_RS09545,mglB,14,1,True,False,True,gene_level_only_no_variant_equivalence,comparable_with_high_impact_signal
NC_000913.3:2240226:AGACAT:A,b2150,mglB,frameshift_variant,HIGH,HIGH_PREDICTED_IMPACT,GCF_036503815.1,2017-02-2CC,one_to_one,comparable,True,AABJ99_RS08470,mglB,40,1,True,False,True,gene_level_only_no_variant_equivalence,comparable_with_high_impact_signal
NC_000913.3:2240226:AGACAT:A,b2150,mglB,frameshift_variant,HIGH,HIGH_PREDICTED_IMPACT,GCF_005843885.1,E4742,one_to_one,alternative_low_callability,False,FEM44_RS00975,mglB,21,0,False,False,False,gene_level_only_no_variant_equivalence,not_comparable
NC_000913.3:2240226:AGACAT:A,b2150,mglB,frameshift_variant,HIGH,HIGH_PREDICTED_IMPACT,GCF_000026225.1,ATCC 35469,one_to_one,alternative_low_callability,False,EFER_RS11230,mglB,2,0,False,False,False,gene_level_only_no_variant_equivalence,not_comparable
NC_000913.3:2240226:AGACAT:A,b2150,mglB,frameshift_variant,HIGH,HIGH_PREDICTED_IMPACT,GCF_002900365.1,HT073016,one_to_one,alternative_low_callability,False,C1192_RS01205,mglB,41,0,False,False,False,gene_level_only_no_variant_equivalence,not_comparable
NC_000913.3:2386537:CG:C,b2271,yfbL,frameshift_variant,HIGH,HIGH_PREDICTED_IMPACT,GCF_003697165.2,DSM 30083 / ATCC 11775,one_to_one,both_low_callability,False,EAS44_RS08945,yfbL,23,1,True,False,True,gene_level_only_no_variant_equivalence,not_comparable
NC_000913.3:2386537:CG:C,b2271,yfbL,frameshift_variant,HIGH,HIGH_PREDICTED_IMPACT,GCF_036503815.1,2017-02-2CC,one_to_one,both_low_callability,False,AABJ99_RS07865,yfbL,25,0,False,False,False,gene_level_only_no_variant_equivalence,not_comparable
NC_000913.3:2386537:CG:C,b2271,yfbL,frameshift_variant,HIGH,HIGH_PREDICTED_IMPACT,GCF_005843885.1,E4742,one_to_one,both_low_callability,False,FEM44_RS01550,FEM44_RS01550,8,0,False,False,False,gene_level_only_no_variant_equivalence,not_comparable
NC_000913.3:2386537:CG:C,b2271,yfbL,frameshift_variant,HIGH,HIGH_PREDICTED_IMPACT,GCF_000026225.1,ATCC 35469,no_ortholog,no_ortholog,False,,,,,False,False,False,gene_level_only_no_variant_equivalence,not_comparable
NC_000913.3:2386537:CG:C,b2271,yfbL,frameshift_variant,HIGH,HIGH_PREDICTED_IMPACT,GCF_002900365.1,HT073016,one_to_one,both_low_callability,False,C1192_RS00530,C1192_RS00530,0,0,False,False,False,gene_level_only_no_variant_equivalence,not_comparable
NC_000913.3:2386788:AGGTAGTG:A,b2271,yfbL,frameshift_variant,HIGH,HIGH_PREDICTED_IMPACT,GCF_003697165.2,DSM 30083 / ATCC 11775,one_to_one,both_low_callability,False,EAS44_RS08945,yfbL,23,1,True,False,True,gene_level_only_no_variant_equivalence,not_comparable
NC_000913.3:2386788:AGGTAGTG:A,b2271,yfbL,frameshift_variant,HIGH,HIGH_PREDICTED_IMPACT,GCF_036503815.1,2017-02-2CC,one_to_one,both_low_callability,False,AABJ99_RS07865,yfbL,25,0,False,False,False,gene_level_only_no_variant_equivalence,not_comparable
NC_000913.3:2386788:AGGTAGTG:A,b2271,yfbL,frameshift_variant,HIGH,HIGH_PREDICTED_IMPACT,GCF_005843885.1,E4742,one_to_one,both_low_callability,False,FEM44_RS01550,FEM44_RS01550,8,0,False,False,False,gene_level_only_no_variant_equivalence,not_comparable
NC_000913.3:2386788:AGGTAGTG:A,b2271,yfbL,frameshift_variant,HIGH,HIGH_PREDICTED_IMPACT,GCF_000026225.1,ATCC 35469,no_ortholog,no_ortholog,False,,,,,False,False,False,gene_level_only_no_variant_equivalence,not_comparable
NC_000913.3:2386788:AGGTAGTG:A,b2271,yfbL,frameshift_variant,HIGH,HIGH_PREDICTED_IMPACT,GCF_002900365.1,HT073016,one_to_one,both_low_callability,False,C1192_RS00530,C1192_RS00530,0,0,False,False,False,gene_level_only_no_variant_equivalence,not_comparable
NC_000913.3:2463117:C:CA,b2345,yfdF,frameshift_variant,HIGH,HIGH_PREDICTED_IMPACT,GCF_003697165.2,DSM 30083 / ATCC 11775,no_ortholog,no_ortholog,False,,,,,False,False,False,gene_level_only_no_variant_equivalence,not_comparable
NC_000913.3:2463117:C:CA,b2345,yfdF,frameshift_variant,HIGH,HIGH_PREDICTED_IMPACT,GCF_036503815.1,2017-02-2CC,no_ortholog,no_ortholog,False,,,,,False,False,False,gene_level_only_no_variant_equivalence,not_comparable
NC_000913.3:2463117:C:CA,b2345,yfdF,frameshift_variant,HIGH,HIGH_PREDICTED_IMPACT,GCF_005843885.1,E4742,no_ortholog,no_ortholog,False,,,,,False,False,False,gene_level_only_no_variant_equivalence,not_comparable
NC_000913.3:2463117:C:CA,b2345,yfdF,frameshift_variant,HIGH,HIGH_PREDICTED_IMPACT,GCF_000026225.1,ATCC 35469,no_ortholog,no_ortholog,False,,,,,False,False,False,gene_level_only_no_variant_equivalence,not_comparable
NC_000913.3:2463117:C:CA,b2345,yfdF,frameshift_variant,HIGH,HIGH_PREDICTED_IMPACT,GCF_002900365.1,HT073016,no_ortholog,no_ortholog,False,,,,,False,False,False,gene_level_only_no_variant_equivalence,not_comparable
NC_000913.3:2463206:T:G,b2345,yfdF,stop_gained,HIGH,HIGH_PREDICTED_IMPACT,GCF_003697165.2,DSM 30083 / ATCC 11775,no_ortholog,no_ortholog,False,,,,,False,False,False,gene_level_only_no_variant_equivalence,not_comparable
NC_000913.3:2463206:T:G,b2345,yfdF,stop_gained,HIGH,HIGH_PREDICTED_IMPACT,GCF_036503815.1,2017-02-2CC,no_ortholog,no_ortholog,False,,,,,False,False,False,gene_level_only_no_variant_equivalence,not_comparable
NC_000913.3:2463206:T:G,b2345,yfdF,stop_gained,HIGH,HIGH_PREDICTED_IMPACT,GCF_005843885.1,E4742,no_ortholog,no_ortholog,False,,,,,False,False,False,gene_level_only_no_variant_equivalence,not_comparable
NC_000913.3:2463206:T:G,b2345,yfdF,stop_gained,HIGH,HIGH_PREDICTED_IMPACT,GCF_000026225.1,ATCC 35469,no_ortholog,no_ortholog,False,,,,,False,False,False,gene_level_only_no_variant_equivalence,not_comparable
NC_000913.3:2463206:T:G,b2345,yfdF,stop_gained,HIGH,HIGH_PREDICTED_IMPACT,GCF_002900365.1,HT073016,no_ortholog,no_ortholog,False,,,,,False,False,False,gene_level_only_no_variant_equivalence,not_comparable
NC_000913.3:2573509:GT:G,b2459,eutT,frameshift_variant,HIGH,HIGH_PREDICTED_IMPACT,GCF_003697165.2,DSM 30083 / ATCC 11775,one_to_one,comparable,True,EAS44_RS07835,eutT,15,1,True,True,True,gene_level_only_no_variant_equivalence,comparable_with_high_impact_signal
NC_000913.3:2573509:GT:G,b2459,eutT,frameshift_variant,HIGH,HIGH_PREDICTED_IMPACT,GCF_036503815.1,2017-02-2CC,one_to_one,comparable,True,AABJ99_RS07010,eutT,22,2,True,True,True,gene_level_only_no_variant_equivalence,comparable_with_high_impact_signal
NC_000913.3:2573509:GT:G,b2459,eutT,frameshift_variant,HIGH,HIGH_PREDICTED_IMPACT,GCF_005843885.1,E4742,one_to_one,alternative_low_callability,False,FEM44_RS02305,eutT,8,0,False,False,False,gene_level_only_no_variant_equivalence,not_comparable
NC_000913.3:2573509:GT:G,b2459,eutT,frameshift_variant,HIGH,HIGH_PREDICTED_IMPACT,GCF_000026225.1,ATCC 35469,one_to_one,alternative_low_callability,False,EFER_RS03705,eutT,0,0,False,False,False,gene_level_only_no_variant_equivalence,not_comparable
NC_000913.3:2573509:GT:G,b2459,eutT,frameshift_variant,HIGH,HIGH_PREDICTED_IMPACT,GCF_002900365.1,HT073016,one_to_one,alternative_low_callability,False,C1192_RS23185,eutT,26,1,True,True,True,gene_level_only_no_variant_equivalence,not_comparable
NC_000913.3:2604135:TC:T,b2483,hyfC,frameshift_variant,HIGH,HIGH_PREDICTED_IMPACT,GCF_003697165.2,DSM 30083 / ATCC 11775,no_ortholog,no_ortholog,False,,,,,False,False,False,gene_level_only_no_variant_equivalence,not_comparable
NC_000913.3:2604135:TC:T,b2483,hyfC,frameshift_variant,HIGH,HIGH_PREDICTED_IMPACT,GCF_036503815.1,2017-02-2CC,one_to_one,comparable,True,AABJ99_RS06880,hyfC,28,1,True,False,True,gene_level_only_no_variant_equivalence,comparable_with_high_impact_signal
NC_000913.3:2604135:TC:T,b2483,hyfC,frameshift_variant,HIGH,HIGH_PREDICTED_IMPACT,GCF_005843885.1,E4742,no_ortholog,no_ortholog,False,,,,,False,False,False,gene_level_only_no_variant_equivalence,not_comparable
NC_000913.3:2604135:TC:T,b2483,hyfC,frameshift_variant,HIGH,HIGH_PREDICTED_IMPACT,GCF_000026225.1,ATCC 35469,one_to_one,alternative_low_callability,False,EFER_RS03570,EFER_RS03570,0,0,False,False,False,gene_level_only_no_variant_equivalence,not_comparable
NC_000913.3:2604135:TC:T,b2483,hyfC,frameshift_variant,HIGH,HIGH_PREDICTED_IMPACT,GCF_002900365.1,HT073016,no_ortholog,no_ortholog,False,,,,,False,False,False,gene_level_only_no_variant_equivalence,not_comparable
NC_000913.3:2604898:TG:T,b2484,hyfD,frameshift_variant,HIGH,HIGH_PREDICTED_IMPACT,GCF_003697165.2,DSM 30083 / ATCC 11775,no_ortholog,no_ortholog,False,,,,,False,False,False,gene_level_only_no_variant_equivalence,not_comparable
NC_000913.3:2604898:TG:T,b2484,hyfD,frameshift_variant,HIGH,HIGH_PREDICTED_IMPACT,GCF_036503815.1,2017-02-2CC,one_to_one,comparable,True,AABJ99_RS06875,hyfD,28,2,True,False,True,gene_level_only_no_variant_equivalence,comparable_with_high_impact_signal
NC_000913.3:2604898:TG:T,b2484,hyfD,frameshift_variant,HIGH,HIGH_PREDICTED_IMPACT,GCF_005843885.1,E4742,no_ortholog,no_ortholog,False,,,,,False,False,False,gene_level_only_no_variant_equivalence,not_comparable
NC_000913.3:2604898:TG:T,b2484,hyfD,frameshift_variant,HIGH,HIGH_PREDICTED_IMPACT,GCF_000026225.1,ATCC 35469,one_to_one,alternative_low_callability,False,EFER_RS03565,EFER_RS03565,0,0,False,False,False,gene_level_only_no_variant_equivalence,not_comparable
NC_000913.3:2604898:TG:T,b2484,hyfD,frameshift_variant,HIGH,HIGH_PREDICTED_IMPACT,GCF_002900365.1,HT073016,no_ortholog,no_ortholog,False,,,,,False,False,False,gene_level_only_no_variant_equivalence,not_comparable
NC_000913.3:2606245:C:T,b2484,hyfD,stop_gained,HIGH,HIGH_PREDICTED_IMPACT,GCF_003697165.2,DSM 30083 / ATCC 11775,no_ortholog,no_ortholog,False,,,,,False,False,False,gene_level_only_no_variant_equivalence,not_comparable
NC_000913.3:2606245:C:T,b2484,hyfD,stop_gained,HIGH,HIGH_PREDICTED_IMPACT,GCF_036503815.1,2017-02-2CC,one_to_one,comparable,True,AABJ99_RS06875,hyfD,28,2,True,False,True,gene_level_only_no_variant_equivalence,comparable_with_high_impact_signal
NC_000913.3:2606245:C:T,b2484,hyfD,stop_gained,HIGH,HIGH_PREDICTED_IMPACT,GCF_005843885.1,E4742,no_ortholog,no_ortholog,False,,,,,False,False,False,gene_level_only_no_variant_equivalence,not_comparable
NC_000913.3:2606245:C:T,b2484,hyfD,stop_gained,HIGH,HIGH_PREDICTED_IMPACT,GCF_000026225.1,ATCC 35469,one_to_one,alternative_low_callability,False,EFER_RS03565,EFER_RS03565,0,0,False,False,False,gene_level_only_no_variant_equivalence,not_comparable
NC_000913.3:2606245:C:T,b2484,hyfD,stop_gained,HIGH,HIGH_PREDICTED_IMPACT,GCF_002900365.1,HT073016,no_ortholog,no_ortholog,False,,,,,False,False,False,gene_level_only_no_variant_equivalence,not_comparable
NC_000913.3:2789960:TA:T,b2659,glaH,frameshift_variant,HIGH,HIGH_PREDICTED_IMPACT,GCF_003697165.2,DSM 30083 / ATCC 11775,one_to_one,comparable,True,EAS44_RS06725,glaH,48,1,True,False,False,gene_level_only_no_variant_equivalence,comparable_with_high_impact_signal
NC_000913.3:2789960:TA:T,b2659,glaH,frameshift_variant,HIGH,HIGH_PREDICTED_IMPACT,GCF_036503815.1,2017-02-2CC,one_to_one,comparable,True,AABJ99_RS05840,glaH,51,1,True,False,False,gene_level_only_no_variant_equivalence,comparable_with_high_impact_signal
NC_000913.3:2789960:TA:T,b2659,glaH,frameshift_variant,HIGH,HIGH_PREDICTED_IMPACT,GCF_005843885.1,E4742,one_to_one,alternative_low_callability,False,FEM44_RS03115,glaH,12,0,False,False,False,gene_level_only_no_variant_equivalence,not_comparable
NC_000913.3:2789960:TA:T,b2659,glaH,frameshift_variant,HIGH,HIGH_PREDICTED_IMPACT,GCF_000026225.1,ATCC 35469,one_to_one,alternative_low_callability,False,EFER_RS02260,glaH,15,0,False,False,False,gene_level_only_no_variant_equivalence,not_comparable
NC_000913.3:2789960:TA:T,b2659,glaH,frameshift_variant,HIGH,HIGH_PREDICTED_IMPACT,GCF_002900365.1,HT073016,one_to_one,alternative_low_callability,False,C1192_RS22395,glaH,25,0,False,False,False,gene_level_only_no_variant_equivalence,not_comparable
NC_000913.3:2863481:T:TC,b2737,ygbK,frameshift_variant,HIGH,HIGH_PREDICTED_IMPACT,GCF_003697165.2,DSM 30083 / ATCC 11775,one_to_many,one_to_many,False,EAS44_RS06290;EAS44_RS17460,dtnK;otnK,,,False,False,False,gene_level_only_no_variant_equivalence,not_comparable
NC_000913.3:2863481:T:TC,b2737,ygbK,frameshift_variant,HIGH,HIGH_PREDICTED_IMPACT,GCF_036503815.1,2017-02-2CC,no_ortholog,no_ortholog,False,,,,,False,False,False,gene_level_only_no_variant_equivalence,not_comparable
NC_000913.3:2863481:T:TC,b2737,ygbK,frameshift_variant,HIGH,HIGH_PREDICTED_IMPACT,GCF_005843885.1,E4742,one_to_one,alternative_low_callability,False,FEM44_RS03555,otnK,37,0,False,False,False,gene_level_only_no_variant_equivalence,not_comparable
NC_000913.3:2863481:T:TC,b2737,ygbK,frameshift_variant,HIGH,HIGH_PREDICTED_IMPACT,GCF_000026225.1,ATCC 35469,no_ortholog,no_ortholog,False,,,,,False,False,False,gene_level_only_no_variant_equivalence,not_comparable
NC_000913.3:2863481:T:TC,b2737,ygbK,frameshift_variant,HIGH,HIGH_PREDICTED_IMPACT,GCF_002900365.1,HT073016,no_ortholog,no_ortholog,False,,,,,False,False,False,gene_level_only_no_variant_equivalence,not_comparable
NC_000913.3:3033608:A:AGCAC,b2889,idi,frameshift_variant,HIGH,HIGH_PREDICTED_IMPACT,GCF_003697165.2,DSM 30083 / ATCC 11775,one_to_one,comparable,True,EAS44_RS05475,idi,21,0,False,False,False,gene_level_only_no_variant_equivalence,comparable_without_high_impact_signal
NC_000913.3:3033608:A:AGCAC,b2889,idi,frameshift_variant,HIGH,HIGH_PREDICTED_IMPACT,GCF_036503815.1,2017-02-2CC,one_to_one,comparable,True,AABJ99_RS04535,idi,30,0,False,False,False,gene_level_only_no_variant_equivalence,comparable_without_high_impact_signal
NC_000913.3:3033608:A:AGCAC,b2889,idi,frameshift_variant,HIGH,HIGH_PREDICTED_IMPACT,GCF_005843885.1,E4742,one_to_one,alternative_low_callability,False,FEM44_RS04315,idi,0,0,False,False,False,gene_level_only_no_variant_equivalence,not_comparable
NC_000913.3:3033608:A:AGCAC,b2889,idi,frameshift_variant,HIGH,HIGH_PREDICTED_IMPACT,GCF_000026225.1,ATCC 35469,one_to_one,alternative_low_callability,False,EFER_RS14230,idi,0,0,False,False,False,gene_level_only_no_variant_equivalence,not_comparable
NC_000913.3:3033608:A:AGCAC,b2889,idi,frameshift_variant,HIGH,HIGH_PREDICTED_IMPACT,GCF_002900365.1,HT073016,one_to_one,alternative_low_callability,False,C1192_RS21175,idi,0,0,False,False,False,gene_level_only_no_variant_equivalence,not_comparable
NC_000913.3:3033612:A:T,b2889,idi,stop_lost,HIGH,HIGH_PREDICTED_IMPACT,GCF_003697165.2,DSM 30083 / ATCC 11775,one_to_one,comparable,True,EAS44_RS05475,idi,21,0,False,False,False,gene_level_only_no_variant_equivalence,comparable_without_high_impact_signal
NC_000913.3:3033612:A:T,b2889,idi,stop_lost,HIGH,HIGH_PREDICTED_IMPACT,GCF_036503815.1,2017-02-2CC,one_to_one,comparable,True,AABJ99_RS04535,idi,30,0,False,False,False,gene_level_only_no_variant_equivalence,comparable_without_high_impact_signal
NC_000913.3:3033612:A:T,b2889,idi,stop_lost,HIGH,HIGH_PREDICTED_IMPACT,GCF_005843885.1,E4742,one_to_one,alternative_low_callability,False,FEM44_RS04315,idi,0,0,False,False,False,gene_level_only_no_variant_equivalence,not_comparable
NC_000913.3:3033612:A:T,b2889,idi,stop_lost,HIGH,HIGH_PREDICTED_IMPACT,GCF_000026225.1,ATCC 35469,one_to_one,alternative_low_callability,False,EFER_RS14230,idi,0,0,False,False,False,gene_level_only_no_variant_equivalence,not_comparable
NC_000913.3:3033612:A:T,b2889,idi,stop_lost,HIGH,HIGH_PREDICTED_IMPACT,GCF_002900365.1,HT073016,one_to_one,alternative_low_callability,False,C1192_RS21175,idi,0,0,False,False,False,gene_level_only_no_variant_equivalence,not_comparable
NC_000913.3:3078916:G:A,b2934,cmtB,stop_gained,HIGH,HIGH_PREDICTED_IMPACT,GCF_003697165.2,DSM 30083 / ATCC 11775,one_to_one,comparable,True,EAS44_RS05240,cmtB,20,1,True,False,True,gene_level_only_no_variant_equivalence,comparable_with_high_impact_signal
NC_000913.3:3078916:G:A,b2934,cmtB,stop_gained,HIGH,HIGH_PREDICTED_IMPACT,GCF_036503815.1,2017-02-2CC,one_to_one,comparable,True,AABJ99_RS04305,cmtB,19,1,True,False,True,gene_level_only_no_variant_equivalence,comparable_with_high_impact_signal
NC_000913.3:3078916:G:A,b2934,cmtB,stop_gained,HIGH,HIGH_PREDICTED_IMPACT,GCF_005843885.1,E4742,one_to_one,alternative_low_callability,False,FEM44_RS04565,cmtB,15,0,False,False,False,gene_level_only_no_variant_equivalence,not_comparable
NC_000913.3:3078916:G:A,b2934,cmtB,stop_gained,HIGH,HIGH_PREDICTED_IMPACT,GCF_000026225.1,ATCC 35469,one_to_one,alternative_low_callability,False,EFER_RS14420,cmtB,0,0,False,False,False,gene_level_only_no_variant_equivalence,not_comparable
NC_000913.3:3078916:G:A,b2934,cmtB,stop_gained,HIGH,HIGH_PREDICTED_IMPACT,GCF_002900365.1,HT073016,one_to_one,alternative_low_callability,False,C1192_RS20905,cmtB,2,0,False,False,False,gene_level_only_no_variant_equivalence,not_comparable
NC_000913.3:3098268:C:A,b2955,hemW,stop_gained,HIGH,HIGH_PREDICTED_IMPACT,GCF_003697165.2,DSM 30083 / ATCC 11775,one_to_one,comparable,True,EAS44_RS05125,hemW,39,0,False,False,False,gene_level_only_no_variant_equivalence,comparable_without_high_impact_signal
NC_000913.3:3098268:C:A,b2955,hemW,stop_gained,HIGH,HIGH_PREDICTED_IMPACT,GCF_036503815.1,2017-02-2CC,one_to_one,comparable,True,AABJ99_RS04190,hemW,41,0,False,False,False,gene_level_only_no_variant_equivalence,comparable_without_high_impact_signal
NC_000913.3:3098268:C:A,b2955,hemW,stop_gained,HIGH,HIGH_PREDICTED_IMPACT,GCF_005843885.1,E4742,one_to_one,alternative_low_callability,False,FEM44_RS04675,hemW,1,0,False,False,False,gene_level_only_no_variant_equivalence,not_comparable
NC_000913.3:3098268:C:A,b2955,hemW,stop_gained,HIGH,HIGH_PREDICTED_IMPACT,GCF_000026225.1,ATCC 35469,one_to_one,alternative_low_callability,False,EFER_RS14560,hemW,16,0,False,False,False,gene_level_only_no_variant_equivalence,not_comparable
NC_000913.3:3098268:C:A,b2955,hemW,stop_gained,HIGH,HIGH_PREDICTED_IMPACT,GCF_002900365.1,HT073016,one_to_one,alternative_low_callability,False,C1192_RS20785,hemW,24,1,True,False,True,gene_level_only_no_variant_equivalence,not_comparable
NC_000913.3:3147631:C:CAT,b4755,yqhI,frameshift_variant,HIGH,HIGH_PREDICTED_IMPACT,GCF_003697165.2,DSM 30083 / ATCC 11775,one_to_one,comparable,True,EAS44_RS04440,yghX,40,0,False,False,False,gene_level_only_no_variant_equivalence,comparable_without_high_impact_signal
NC_000913.3:3147631:C:CAT,b4755,yqhI,frameshift_variant,HIGH,HIGH_PREDICTED_IMPACT,GCF_036503815.1,2017-02-2CC,one_to_one,comparable,True,AABJ99_RS03885,yghX,22,0,False,False,False,gene_level_only_no_variant_equivalence,comparable_without_high_impact_signal
NC_000913.3:3147631:C:CAT,b4755,yqhI,frameshift_variant,HIGH,HIGH_PREDICTED_IMPACT,GCF_005843885.1,E4742,one_to_one,alternative_low_callability,False,FEM44_RS06055,yghX,13,0,False,False,False,gene_level_only_no_variant_equivalence,not_comparable
NC_000913.3:3147631:C:CAT,b4755,yqhI,frameshift_variant,HIGH,HIGH_PREDICTED_IMPACT,GCF_000026225.1,ATCC 35469,one_to_one,alternative_low_callability,False,EFER_RS14805,yghX,4,0,False,False,False,gene_level_only_no_variant_equivalence,not_comparable
NC_000913.3:3147631:C:CAT,b4755,yqhI,frameshift_variant,HIGH,HIGH_PREDICTED_IMPACT,GCF_002900365.1,HT073016,one_to_one,alternative_low_callability,False,C1192_RS20505,yghX,12,0,False,False,False,gene_level_only_no_variant_equivalence,not_comparable
NC_000913.3:3277366:G:A,b3130,yhaV,stop_gained,HIGH,HIGH_PREDICTED_IMPACT,GCF_003697165.2,DSM 30083 / ATCC 11775,no_ortholog,no_ortholog,False,,,,,False,False,False,gene_level_only_no_variant_equivalence,not_comparable
NC_000913.3:3277366:G:A,b3130,yhaV,stop_gained,HIGH,HIGH_PREDICTED_IMPACT,GCF_036503815.1,2017-02-2CC,one_to_one,comparable,True,AABJ99_RS03265,yhaV,19,2,True,False,True,gene_level_only_no_variant_equivalence,comparable_with_high_impact_signal
NC_000913.3:3277366:G:A,b3130,yhaV,stop_gained,HIGH,HIGH_PREDICTED_IMPACT,GCF_005843885.1,E4742,no_ortholog,no_ortholog,False,,,,,False,False,False,gene_level_only_no_variant_equivalence,not_comparable
NC_000913.3:3277366:G:A,b3130,yhaV,stop_gained,HIGH,HIGH_PREDICTED_IMPACT,GCF_000026225.1,ATCC 35469,one_to_one,alternative_low_callability,False,EFER_RS21775,yhaV,0,0,False,False,False,gene_level_only_no_variant_equivalence,not_comparable
NC_000913.3:3277366:G:A,b3130,yhaV,stop_gained,HIGH,HIGH_PREDICTED_IMPACT,GCF_002900365.1,HT073016,no_ortholog,no_ortholog,False,,,,,False,False,False,gene_level_only_no_variant_equivalence,not_comparable
NC_000913.3:3277457:C:T,b3130,yhaV,stop_gained,HIGH,HIGH_PREDICTED_IMPACT,GCF_003697165.2,DSM 30083 / ATCC 11775,no_ortholog,no_ortholog,False,,,,,False,False,False,gene_level_only_no_variant_equivalence,not_comparable
NC_000913.3:3277457:C:T,b3130,yhaV,stop_gained,HIGH,HIGH_PREDICTED_IMPACT,GCF_036503815.1,2017-02-2CC,one_to_one,comparable,True,AABJ99_RS03265,yhaV,19,2,True,False,True,gene_level_only_no_variant_equivalence,comparable_with_high_impact_signal
NC_000913.3:3277457:C:T,b3130,yhaV,stop_gained,HIGH,HIGH_PREDICTED_IMPACT,GCF_005843885.1,E4742,no_ortholog,no_ortholog,False,,,,,False,False,False,gene_level_only_no_variant_equivalence,not_comparable
NC_000913.3:3277457:C:T,b3130,yhaV,stop_gained,HIGH,HIGH_PREDICTED_IMPACT,GCF_000026225.1,ATCC 35469,one_to_one,alternative_low_callability,False,EFER_RS21775,yhaV,0,0,False,False,False,gene_level_only_no_variant_equivalence,not_comparable
NC_000913.3:3277457:C:T,b3130,yhaV,stop_gained,HIGH,HIGH_PREDICTED_IMPACT,GCF_002900365.1,HT073016,no_ortholog,no_ortholog,False,,,,,False,False,False,gene_level_only_no_variant_equivalence,not_comparable
NC_000913.3:3367953:C:T,b3220,yhcG,stop_gained,HIGH,HIGH_PREDICTED_IMPACT,GCF_003697165.2,DSM 30083 / ATCC 11775,no_ortholog,no_ortholog,False,,,,,False,False,False,gene_level_only_no_variant_equivalence,not_comparable
NC_000913.3:3367953:C:T,b3220,yhcG,stop_gained,HIGH,HIGH_PREDICTED_IMPACT,GCF_036503815.1,2017-02-2CC,one_to_one,both_low_callability,False,AABJ99_RS02815,AABJ99_RS02815,8,0,False,False,False,gene_level_only_no_variant_equivalence,not_comparable
NC_000913.3:3367953:C:T,b3220,yhcG,stop_gained,HIGH,HIGH_PREDICTED_IMPACT,GCF_005843885.1,E4742,no_ortholog,no_ortholog,False,,,,,False,False,False,gene_level_only_no_variant_equivalence,not_comparable
NC_000913.3:3367953:C:T,b3220,yhcG,stop_gained,HIGH,HIGH_PREDICTED_IMPACT,GCF_000026225.1,ATCC 35469,one_to_one,both_low_callability,False,EFER_RS16075,EFER_RS16075,1,0,False,False,False,gene_level_only_no_variant_equivalence,not_comparable
NC_000913.3:3367953:C:T,b3220,yhcG,stop_gained,HIGH,HIGH_PREDICTED_IMPACT,GCF_002900365.1,HT073016,no_ortholog,no_ortholog,False,,,,,False,False,False,gene_level_only_no_variant_equivalence,not_comparable
NC_000913.3:3473612:A:T,b3341,rpsG,stop_gained,HIGH,HIGH_PREDICTED_IMPACT,GCF_003697165.2,DSM 30083 / ATCC 11775,one_to_one,comparable,True,EAS44_RS02740,rpsG,0,0,False,False,False,gene_level_only_no_variant_equivalence,comparable_without_high_impact_signal
NC_000913.3:3473612:A:T,b3341,rpsG,stop_gained,HIGH,HIGH_PREDICTED_IMPACT,GCF_036503815.1,2017-02-2CC,one_to_one,comparable,True,AABJ99_RS02180,rpsG,2,0,False,False,False,gene_level_only_no_variant_equivalence,comparable_without_high_impact_signal
NC_000913.3:3473612:A:T,b3341,rpsG,stop_gained,HIGH,HIGH_PREDICTED_IMPACT,GCF_005843885.1,E4742,one_to_one,alternative_low_callability,False,FEM44_RS07675,rpsG,0,0,False,False,False,gene_level_only_no_variant_equivalence,not_comparable
NC_000913.3:3473612:A:T,b3341,rpsG,stop_gained,HIGH,HIGH_PREDICTED_IMPACT,GCF_000026225.1,ATCC 35469,one_to_one,alternative_low_callability,False,EFER_RS16645,rpsG,0,0,False,False,False,gene_level_only_no_variant_equivalence,not_comparable
NC_000913.3:3473612:A:T,b3341,rpsG,stop_gained,HIGH,HIGH_PREDICTED_IMPACT,GCF_002900365.1,HT073016,one_to_one,alternative_low_callability,False,C1192_RS14555,rpsG,0,0,False,False,False,gene_level_only_no_variant_equivalence,not_comparable
NC_000913.3:3733293:GC:G,b3567,xylG,frameshift_variant,HIGH,HIGH_PREDICTED_IMPACT,GCF_003697165.2,DSM 30083 / ATCC 11775,one_to_one,comparable,True,EAS44_RS01485,xylG,25,1,True,False,True,gene_level_only_no_variant_equivalence,comparable_with_high_impact_signal
NC_000913.3:3733293:GC:G,b3567,xylG,frameshift_variant,HIGH,HIGH_PREDICTED_IMPACT,GCF_036503815.1,2017-02-2CC,one_to_one,comparable,True,AABJ99_RS00805,xylG,25,1,True,False,True,gene_level_only_no_variant_equivalence,comparable_with_high_impact_signal
NC_000913.3:3733293:GC:G,b3567,xylG,frameshift_variant,HIGH,HIGH_PREDICTED_IMPACT,GCF_005843885.1,E4742,one_to_one,alternative_low_callability,False,FEM44_RS09025,xylG,0,0,False,False,False,gene_level_only_no_variant_equivalence,not_comparable
NC_000913.3:3733293:GC:G,b3567,xylG,frameshift_variant,HIGH,HIGH_PREDICTED_IMPACT,GCF_000026225.1,ATCC 35469,no_ortholog,no_ortholog,False,,,,,False,False,False,gene_level_only_no_variant_equivalence,not_comparable
NC_000913.3:3733293:GC:G,b3567,xylG,frameshift_variant,HIGH,HIGH_PREDICTED_IMPACT,GCF_002900365.1,HT073016,one_to_one,alternative_low_callability,False,C1192_RS15875,C1192_RS15875,5,0,False,False,False,gene_level_only_no_variant_equivalence,not_comparable
NC_000913.3:3862499:A:G,b3683,glvC,stop_lost,HIGH,HIGH_PREDICTED_IMPACT,GCF_003697165.2,DSM 30083 / ATCC 11775,no_ortholog,no_ortholog,False,,,,,False,False,False,gene_level_only_no_variant_equivalence,not_comparable
NC_000913.3:3862499:A:G,b3683,glvC,stop_lost,HIGH,HIGH_PREDICTED_IMPACT,GCF_036503815.1,2017-02-2CC,one_to_one,comparable,True,AABJ99_RS00100,AABJ99_RS00100,59,0,False,False,False,gene_level_only_no_variant_equivalence,comparable_without_high_impact_signal
NC_000913.3:3862499:A:G,b3683,glvC,stop_lost,HIGH,HIGH_PREDICTED_IMPACT,GCF_005843885.1,E4742,no_ortholog,no_ortholog,False,,,,,False,False,False,gene_level_only_no_variant_equivalence,not_comparable
NC_000913.3:3862499:A:G,b3683,glvC,stop_lost,HIGH,HIGH_PREDICTED_IMPACT,GCF_000026225.1,ATCC 35469,one_to_one,alternative_low_callability,False,EFER_RS19885,EFER_RS19885,0,0,False,False,False,gene_level_only_no_variant_equivalence,not_comparable
NC_000913.3:3862499:A:G,b3683,glvC,stop_lost,HIGH,HIGH_PREDICTED_IMPACT,GCF_002900365.1,HT073016,no_ortholog,no_ortholog,False,,,,,False,False,False,gene_level_only_no_variant_equivalence,not_comparable
NC_000913.3:3983492:C:T,b3800,aslB,stop_gained,HIGH,HIGH_PREDICTED_IMPACT,GCF_003697165.2,DSM 30083 / ATCC 11775,one_to_one,comparable,True,EAS44_RS24565,aslB,46,0,False,False,False,gene_level_only_no_variant_equivalence,comparable_without_high_impact_signal
NC_000913.3:3983492:C:T,b3800,aslB,stop_gained,HIGH,HIGH_PREDICTED_IMPACT,GCF_036503815.1,2017-02-2CC,one_to_one,alternative_low_callability,False,AABJ99_RS23285,aslB,51,1,True,False,True,gene_level_only_no_variant_equivalence,not_comparable
NC_000913.3:3983492:C:T,b3800,aslB,stop_gained,HIGH,HIGH_PREDICTED_IMPACT,GCF_005843885.1,E4742,one_to_one,alternative_low_callability,False,FEM44_RS09680,FEM44_RS09680,15,1,True,False,True,gene_level_only_no_variant_equivalence,not_comparable
NC_000913.3:3983492:C:T,b3800,aslB,stop_gained,HIGH,HIGH_PREDICTED_IMPACT,GCF_000026225.1,ATCC 35469,one_to_one,alternative_low_callability,False,EFER_RS18545,EFER_RS18545,10,0,False,False,False,gene_level_only_no_variant_equivalence,not_comparable
NC_000913.3:3983492:C:T,b3800,aslB,stop_gained,HIGH,HIGH_PREDICTED_IMPACT,GCF_002900365.1,HT073016,one_to_one,alternative_low_callability,False,C1192_RS16560,C1192_RS16560,6,0,False,False,False,gene_level_only_no_variant_equivalence,not_comparable
NC_000913.3:3994076:T:A,b3808,yzcX,stop_gained,HIGH,HIGH_PREDICTED_IMPACT,GCF_003697165.2,DSM 30083 / ATCC 11775,no_ortholog,no_ortholog,False,,,,,False,False,False,gene_level_only_no_variant_equivalence,not_comparable
NC_000913.3:3994076:T:A,b3808,yzcX,stop_gained,HIGH,HIGH_PREDICTED_IMPACT,GCF_036503815.1,2017-02-2CC,no_ortholog,no_ortholog,False,,,,,False,False,False,gene_level_only_no_variant_equivalence,not_comparable
NC_000913.3:3994076:T:A,b3808,yzcX,stop_gained,HIGH,HIGH_PREDICTED_IMPACT,GCF_005843885.1,E4742,no_ortholog,no_ortholog,False,,,,,False,False,False,gene_level_only_no_variant_equivalence,not_comparable
NC_000913.3:3994076:T:A,b3808,yzcX,stop_gained,HIGH,HIGH_PREDICTED_IMPACT,GCF_000026225.1,ATCC 35469,no_ortholog,no_ortholog,False,,,,,False,False,False,gene_level_only_no_variant_equivalence,not_comparable
NC_000913.3:3994076:T:A,b3808,yzcX,stop_gained,HIGH,HIGH_PREDICTED_IMPACT,GCF_002900365.1,HT073016,no_ortholog,no_ortholog,False,,,,,False,False,False,gene_level_only_no_variant_equivalence,not_comparable
NC_000913.3:4003132:G:T,b3818,yigG,stop_gained,HIGH,HIGH_PREDICTED_IMPACT,GCF_003697165.2,DSM 30083 / ATCC 11775,no_ortholog,no_ortholog,False,,,,,False,False,False,gene_level_only_no_variant_equivalence,not_comparable
NC_000913.3:4003132:G:T,b3818,yigG,stop_gained,HIGH,HIGH_PREDICTED_IMPACT,GCF_036503815.1,2017-02-2CC,one_to_one,comparable,True,AABJ99_RS23190,yigG,12,1,True,False,True,gene_level_only_no_variant_equivalence,comparable_with_high_impact_signal
NC_000913.3:4003132:G:T,b3818,yigG,stop_gained,HIGH,HIGH_PREDICTED_IMPACT,GCF_005843885.1,E4742,no_ortholog,no_ortholog,False,,,,,False,False,False,gene_level_only_no_variant_equivalence,not_comparable
NC_000913.3:4003132:G:T,b3818,yigG,stop_gained,HIGH,HIGH_PREDICTED_IMPACT,GCF_000026225.1,ATCC 35469,one_to_one,alternative_low_callability,False,EFER_RS18435,yigG,0,0,False,False,False,gene_level_only_no_variant_equivalence,not_comparable
NC_000913.3:4003132:G:T,b3818,yigG,stop_gained,HIGH,HIGH_PREDICTED_IMPACT,GCF_002900365.1,HT073016,one_to_one,alternative_low_callability,False,C1192_RS16455,C1192_RS16455,2,0,False,False,False,gene_level_only_no_variant_equivalence,not_comparable
NC_000913.3:4053646:T:TGAAAC,b4686,yshB,frameshift_variant,HIGH,HIGH_PREDICTED_IMPACT,GCF_003697165.2,DSM 30083 / ATCC 11775,one_to_one,comparable,True,EAS44_RS24115,yshB,4,0,False,False,False,gene_level_only_no_variant_equivalence,comparable_without_high_impact_signal
NC_000913.3:4053646:T:TGAAAC,b4686,yshB,frameshift_variant,HIGH,HIGH_PREDICTED_IMPACT,GCF_036503815.1,2017-02-2CC,one_to_one,comparable,True,AABJ99_RS22910,yshB,4,0,False,False,False,gene_level_only_no_variant_equivalence,comparable_without_high_impact_signal
NC_000913.3:4053646:T:TGAAAC,b4686,yshB,frameshift_variant,HIGH,HIGH_PREDICTED_IMPACT,GCF_005843885.1,E4742,one_to_one,alternative_low_callability,False,FEM44_RS09270,FEM44_RS09270,0,0,False,False,False,gene_level_only_no_variant_equivalence,not_comparable
NC_000913.3:4053646:T:TGAAAC,b4686,yshB,frameshift_variant,HIGH,HIGH_PREDICTED_IMPACT,GCF_000026225.1,ATCC 35469,one_to_one,alternative_low_callability,False,EFER_RS19510,EFER_RS19510,0,0,False,False,False,gene_level_only_no_variant_equivalence,not_comparable
NC_000913.3:4053646:T:TGAAAC,b4686,yshB,frameshift_variant,HIGH,HIGH_PREDICTED_IMPACT,GCF_002900365.1,HT073016,one_to_one,alternative_low_callability,False,C1192_RS16170,C1192_RS16170,3,0,False,False,False,gene_level_only_no_variant_equivalence,not_comparable
NC_000913.3:4163810:C:T,b3966,btuB,stop_gained,HIGH,HIGH_PREDICTED_IMPACT,GCF_003697165.2,DSM 30083 / ATCC 11775,one_to_one,comparable,True,EAS44_RS23590,btuB,77,1,True,False,True,gene_level_only_no_variant_equivalence,comparable_with_high_impact_signal
NC_000913.3:4163810:C:T,b3966,btuB,stop_gained,HIGH,HIGH_PREDICTED_IMPACT,GCF_036503815.1,2017-02-2CC,one_to_one,comparable,True,AABJ99_RS22365,btuB,49,2,True,False,True,gene_level_only_no_variant_equivalence,comparable_with_high_impact_signal
NC_000913.3:4163810:C:T,b3966,btuB,stop_gained,HIGH,HIGH_PREDICTED_IMPACT,GCF_005843885.1,E4742,one_to_one,alternative_low_callability,False,FEM44_RS11565,btuB,52,0,False,False,False,gene_level_only_no_variant_equivalence,not_comparable
NC_000913.3:4163810:C:T,b3966,btuB,stop_gained,HIGH,HIGH_PREDICTED_IMPACT,GCF_000026225.1,ATCC 35469,one_to_one,alternative_low_callability,False,EFER_RS18970,btuB,0,0,False,False,False,gene_level_only_no_variant_equivalence,not_comparable
NC_000913.3:4163810:C:T,b3966,btuB,stop_gained,HIGH,HIGH_PREDICTED_IMPACT,GCF_002900365.1,HT073016,one_to_one,alternative_low_callability,False,C1192_RS18090,btuB,30,0,False,False,False,gene_level_only_no_variant_equivalence,not_comparable
NC_000913.3:4221576:C:T,b4017,arpA,stop_gained,HIGH,HIGH_PREDICTED_IMPACT,GCF_003697165.2,DSM 30083 / ATCC 11775,no_ortholog,no_ortholog,False,,,,,False,False,False,gene_level_only_no_variant_equivalence,not_comparable
NC_000913.3:4221576:C:T,b4017,arpA,stop_gained,HIGH,HIGH_PREDICTED_IMPACT,GCF_036503815.1,2017-02-2CC,one_to_many,one_to_many,False,AABJ99_RS11175;AABJ99_RS22115;AABJ99_RS23775,AABJ99_RS23775;arpA;espL1,,,False,False,False,gene_level_only_no_variant_equivalence,not_comparable
NC_000913.3:4221576:C:T,b4017,arpA,stop_gained,HIGH,HIGH_PREDICTED_IMPACT,GCF_005843885.1,E4742,no_ortholog,no_ortholog,False,,,,,False,False,False,gene_level_only_no_variant_equivalence,not_comparable
NC_000913.3:4221576:C:T,b4017,arpA,stop_gained,HIGH,HIGH_PREDICTED_IMPACT,GCF_000026225.1,ATCC 35469,no_ortholog,no_ortholog,False,,,,,False,False,False,gene_level_only_no_variant_equivalence,not_comparable
NC_000913.3:4221576:C:T,b4017,arpA,stop_gained,HIGH,HIGH_PREDICTED_IMPACT,GCF_002900365.1,HT073016,no_ortholog,no_ortholog,False,,,,,False,False,False,gene_level_only_no_variant_equivalence,not_comparable
NC_000913.3:4260600:T:A,b4048,yjbM,start_lost,HIGH,HIGH_PREDICTED_IMPACT,GCF_003697165.2,DSM 30083 / ATCC 11775,no_ortholog,no_ortholog,False,,,,,False,False,False,gene_level_only_no_variant_equivalence,not_comparable
NC_000913.3:4260600:T:A,b4048,yjbM,start_lost,HIGH,HIGH_PREDICTED_IMPACT,GCF_036503815.1,2017-02-2CC,no_ortholog,no_ortholog,False,,,,,False,False,False,gene_level_only_no_variant_equivalence,not_comparable
NC_000913.3:4260600:T:A,b4048,yjbM,start_lost,HIGH,HIGH_PREDICTED_IMPACT,GCF_005843885.1,E4742,no_ortholog,no_ortholog,False,,,,,False,False,False,gene_level_only_no_variant_equivalence,not_comparable
NC_000913.3:4260600:T:A,b4048,yjbM,start_lost,HIGH,HIGH_PREDICTED_IMPACT,GCF_000026225.1,ATCC 35469,no_ortholog,no_ortholog,False,,,,,False,False,False,gene_level_only_no_variant_equivalence,not_comparable
NC_000913.3:4260600:T:A,b4048,yjbM,start_lost,HIGH,HIGH_PREDICTED_IMPACT,GCF_002900365.1,HT073016,no_ortholog,no_ortholog,False,,,,,False,False,False,gene_level_only_no_variant_equivalence,not_comparable
NC_000913.3:4322581:T:C,b4583,phnE1,missense_variant,MODERATE,ANNOTATION_WARNING,GCF_003697165.2,DSM 30083 / ATCC 11775,no_protein,no_protein,False,,,,,False,False,False,gene_level_only_no_variant_equivalence,not_comparable
NC_000913.3:4322581:T:C,b4583,phnE1,missense_variant,MODERATE,ANNOTATION_WARNING,GCF_036503815.1,2017-02-2CC,no_protein,no_protein,False,,,,,False,False,False,gene_level_only_no_variant_equivalence,not_comparable
NC_000913.3:4322581:T:C,b4583,phnE1,missense_variant,MODERATE,ANNOTATION_WARNING,GCF_005843885.1,E4742,no_protein,no_protein,False,,,,,False,False,False,gene_level_only_no_variant_equivalence,not_comparable
NC_000913.3:4322581:T:C,b4583,phnE1,missense_variant,MODERATE,ANNOTATION_WARNING,GCF_000026225.1,ATCC 35469,no_protein,no_protein,False,,,,,False,False,False,gene_level_only_no_variant_equivalence,not_comparable
NC_000913.3:4322581:T:C,b4583,phnE1,missense_variant,MODERATE,ANNOTATION_WARNING,GCF_002900365.1,HT073016,no_protein,no_protein,False,,,,,False,False,False,gene_level_only_no_variant_equivalence,not_comparable
NC_000913.3:4322656:T:C,b4583,phnE1,missense_variant,MODERATE,ANNOTATION_WARNING,GCF_003697165.2,DSM 30083 / ATCC 11775,no_protein,no_protein,False,,,,,False,False,False,gene_level_only_no_variant_equivalence,not_comparable
NC_000913.3:4322656:T:C,b4583,phnE1,missense_variant,MODERATE,ANNOTATION_WARNING,GCF_036503815.1,2017-02-2CC,no_protein,no_protein,False,,,,,False,False,False,gene_level_only_no_variant_equivalence,not_comparable
NC_000913.3:4322656:T:C,b4583,phnE1,missense_variant,MODERATE,ANNOTATION_WARNING,GCF_005843885.1,E4742,no_protein,no_protein,False,,,,,False,False,False,gene_level_only_no_variant_equivalence,not_comparable
NC_000913.3:4322656:T:C,b4583,phnE1,missense_variant,MODERATE,ANNOTATION_WARNING,GCF_000026225.1,ATCC 35469,no_protein,no_protein,False,,,,,False,False,False,gene_level_only_no_variant_equivalence,not_comparable
NC_000913.3:4322656:T:C,b4583,phnE1,missense_variant,MODERATE,ANNOTATION_WARNING,GCF_002900365.1,HT073016,no_protein,no_protein,False,,,,,False,False,False,gene_level_only_no_variant_equivalence,not_comparable
NC_000913.3:4322668:T:C,b4583,phnE1,missense_variant,MODERATE,ANNOTATION_WARNING,GCF_003697165.2,DSM 30083 / ATCC 11775,no_protein,no_protein,False,,,,,False,False,False,gene_level_only_no_variant_equivalence,not_comparable
NC_000913.3:4322668:T:C,b4583,phnE1,missense_variant,MODERATE,ANNOTATION_WARNING,GCF_036503815.1,2017-02-2CC,no_protein,no_protein,False,,,,,False,False,False,gene_level_only_no_variant_equivalence,not_comparable
NC_000913.3:4322668:T:C,b4583,phnE1,missense_variant,MODERATE,ANNOTATION_WARNING,GCF_005843885.1,E4742,no_protein,no_protein,False,,,,,False,False,False,gene_level_only_no_variant_equivalence,not_comparable
NC_000913.3:4322668:T:C,b4583,phnE1,missense_variant,MODERATE,ANNOTATION_WARNING,GCF_000026225.1,ATCC 35469,no_protein,no_protein,False,,,,,False,False,False,gene_level_only_no_variant_equivalence,not_comparable
NC_000913.3:4322668:T:C,b4583,phnE1,missense_variant,MODERATE,ANNOTATION_WARNING,GCF_002900365.1,HT073016,no_protein,no_protein,False,,,,,False,False,False,gene_level_only_no_variant_equivalence,not_comparable
NC_000913.3:4322737:G:A,b4583,phnE1,missense_variant,MODERATE,ANNOTATION_WARNING,GCF_003697165.2,DSM 30083 / ATCC 11775,no_protein,no_protein,False,,,,,False,False,False,gene_level_only_no_variant_equivalence,not_comparable
NC_000913.3:4322737:G:A,b4583,phnE1,missense_variant,MODERATE,ANNOTATION_WARNING,GCF_036503815.1,2017-02-2CC,no_protein,no_protein,False,,,,,False,False,False,gene_level_only_no_variant_equivalence,not_comparable
NC_000913.3:4322737:G:A,b4583,phnE1,missense_variant,MODERATE,ANNOTATION_WARNING,GCF_005843885.1,E4742,no_protein,no_protein,False,,,,,False,False,False,gene_level_only_no_variant_equivalence,not_comparable
NC_000913.3:4322737:G:A,b4583,phnE1,missense_variant,MODERATE,ANNOTATION_WARNING,GCF_000026225.1,ATCC 35469,no_protein,no_protein,False,,,,,False,False,False,gene_level_only_no_variant_equivalence,not_comparable
NC_000913.3:4322737:G:A,b4583,phnE1,missense_variant,MODERATE,ANNOTATION_WARNING,GCF_002900365.1,HT073016,no_protein,no_protein,False,,,,,False,False,False,gene_level_only_no_variant_equivalence,not_comparable
NC_000913.3:4322740:C:T,b4583,phnE1,missense_variant,MODERATE,ANNOTATION_WARNING,GCF_003697165.2,DSM 30083 / ATCC 11775,no_protein,no_protein,False,,,,,False,False,False,gene_level_only_no_variant_equivalence,not_comparable
NC_000913.3:4322740:C:T,b4583,phnE1,missense_variant,MODERATE,ANNOTATION_WARNING,GCF_036503815.1,2017-02-2CC,no_protein,no_protein,False,,,,,False,False,False,gene_level_only_no_variant_equivalence,not_comparable
NC_000913.3:4322740:C:T,b4583,phnE1,missense_variant,MODERATE,ANNOTATION_WARNING,GCF_005843885.1,E4742,no_protein,no_protein,False,,,,,False,False,False,gene_level_only_no_variant_equivalence,not_comparable
NC_000913.3:4322740:C:T,b4583,phnE1,missense_variant,MODERATE,ANNOTATION_WARNING,GCF_000026225.1,ATCC 35469,no_protein,no_protein,False,,,,,False,False,False,gene_level_only_no_variant_equivalence,not_comparable
NC_000913.3:4322740:C:T,b4583,phnE1,missense_variant,MODERATE,ANNOTATION_WARNING,GCF_002900365.1,HT073016,no_protein,no_protein,False,,,,,False,False,False,gene_level_only_no_variant_equivalence,not_comparable
NC_000913.3:4322746:C:T,b4583,phnE1,missense_variant,MODERATE,ANNOTATION_WARNING,GCF_003697165.2,DSM 30083 / ATCC 11775,no_protein,no_protein,False,,,,,False,False,False,gene_level_only_no_variant_equivalence,not_comparable
NC_000913.3:4322746:C:T,b4583,phnE1,missense_variant,MODERATE,ANNOTATION_WARNING,GCF_036503815.1,2017-02-2CC,no_protein,no_protein,False,,,,,False,False,False,gene_level_only_no_variant_equivalence,not_comparable
NC_000913.3:4322746:C:T,b4583,phnE1,missense_variant,MODERATE,ANNOTATION_WARNING,GCF_005843885.1,E4742,no_protein,no_protein,False,,,,,False,False,False,gene_level_only_no_variant_equivalence,not_comparable
NC_000913.3:4322746:C:T,b4583,phnE1,missense_variant,MODERATE,ANNOTATION_WARNING,GCF_000026225.1,ATCC 35469,no_protein,no_protein,False,,,,,False,False,False,gene_level_only_no_variant_equivalence,not_comparable
NC_000913.3:4322746:C:T,b4583,phnE1,missense_variant,MODERATE,ANNOTATION_WARNING,GCF_002900365.1,HT073016,no_protein,no_protein,False,,,,,False,False,False,gene_level_only_no_variant_equivalence,not_comparable
NC_000913.3:4322752:C:T,b4583,phnE1,stop_gained,HIGH,HIGH_PREDICTED_IMPACT;ANNOTATION_WARNING,GCF_003697165.2,DSM 30083 / ATCC 11775,no_protein,no_protein,False,,,,,False,False,False,gene_level_only_no_variant_equivalence,not_comparable
NC_000913.3:4322752:C:T,b4583,phnE1,stop_gained,HIGH,HIGH_PREDICTED_IMPACT;ANNOTATION_WARNING,GCF_036503815.1,2017-02-2CC,no_protein,no_protein,False,,,,,False,False,False,gene_level_only_no_variant_equivalence,not_comparable
NC_000913.3:4322752:C:T,b4583,phnE1,stop_gained,HIGH,HIGH_PREDICTED_IMPACT;ANNOTATION_WARNING,GCF_005843885.1,E4742,no_protein,no_protein,False,,,,,False,False,False,gene_level_only_no_variant_equivalence,not_comparable
NC_000913.3:4322752:C:T,b4583,phnE1,stop_gained,HIGH,HIGH_PREDICTED_IMPACT;ANNOTATION_WARNING,GCF_000026225.1,ATCC 35469,no_protein,no_protein,False,,,,,False,False,False,gene_level_only_no_variant_equivalence,not_comparable
NC_000913.3:4322752:C:T,b4583,phnE1,stop_gained,HIGH,HIGH_PREDICTED_IMPACT;ANNOTATION_WARNING,GCF_002900365.1,HT073016,no_protein,no_protein,False,,,,,False,False,False,gene_level_only_no_variant_equivalence,not_comparable
NC_000913.3:4322800:C:T,b4583,phnE1,missense_variant,MODERATE,ANNOTATION_WARNING,GCF_003697165.2,DSM 30083 / ATCC 11775,no_protein,no_protein,False,,,,,False,False,False,gene_level_only_no_variant_equivalence,not_comparable
NC_000913.3:4322800:C:T,b4583,phnE1,missense_variant,MODERATE,ANNOTATION_WARNING,GCF_036503815.1,2017-02-2CC,no_protein,no_protein,False,,,,,False,False,False,gene_level_only_no_variant_equivalence,not_comparable
NC_000913.3:4322800:C:T,b4583,phnE1,missense_variant,MODERATE,ANNOTATION_WARNING,GCF_005843885.1,E4742,no_protein,no_protein,False,,,,,False,False,False,gene_level_only_no_variant_equivalence,not_comparable
NC_000913.3:4322800:C:T,b4583,phnE1,missense_variant,MODERATE,ANNOTATION_WARNING,GCF_000026225.1,ATCC 35469,no_protein,no_protein,False,,,,,False,False,False,gene_level_only_no_variant_equivalence,not_comparable
NC_000913.3:4322800:C:T,b4583,phnE1,missense_variant,MODERATE,ANNOTATION_WARNING,GCF_002900365.1,HT073016,no_protein,no_protein,False,,,,,False,False,False,gene_level_only_no_variant_equivalence,not_comparable
NC_000913.3:4322832:G:T,b4583,phnE1,synonymous_variant,LOW,ANNOTATION_WARNING,GCF_003697165.2,DSM 30083 / ATCC 11775,no_protein,no_protein,False,,,,,False,False,False,gene_level_only_no_variant_equivalence,not_comparable
NC_000913.3:4322832:G:T,b4583,phnE1,synonymous_variant,LOW,ANNOTATION_WARNING,GCF_036503815.1,2017-02-2CC,no_protein,no_protein,False,,,,,False,False,False,gene_level_only_no_variant_equivalence,not_comparable
NC_000913.3:4322832:G:T,b4583,phnE1,synonymous_variant,LOW,ANNOTATION_WARNING,GCF_005843885.1,E4742,no_protein,no_protein,False,,,,,False,False,False,gene_level_only_no_variant_equivalence,not_comparable
NC_000913.3:4322832:G:T,b4583,phnE1,synonymous_variant,LOW,ANNOTATION_WARNING,GCF_000026225.1,ATCC 35469,no_protein,no_protein,False,,,,,False,False,False,gene_level_only_no_variant_equivalence,not_comparable
NC_000913.3:4322832:G:T,b4583,phnE1,synonymous_variant,LOW,ANNOTATION_WARNING,GCF_002900365.1,HT073016,no_protein,no_protein,False,,,,,False,False,False,gene_level_only_no_variant_equivalence,not_comparable
NC_000913.3:4322838:G:A,b4583,phnE1,synonymous_variant,LOW,ANNOTATION_WARNING,GCF_003697165.2,DSM 30083 / ATCC 11775,no_protein,no_protein,False,,,,,False,False,False,gene_level_only_no_variant_equivalence,not_comparable
NC_000913.3:4322838:G:A,b4583,phnE1,synonymous_variant,LOW,ANNOTATION_WARNING,GCF_036503815.1,2017-02-2CC,no_protein,no_protein,False,,,,,False,False,False,gene_level_only_no_variant_equivalence,not_comparable
NC_000913.3:4322838:G:A,b4583,phnE1,synonymous_variant,LOW,ANNOTATION_WARNING,GCF_005843885.1,E4742,no_protein,no_protein,False,,,,,False,False,False,gene_level_only_no_variant_equivalence,not_comparable
NC_000913.3:4322838:G:A,b4583,phnE1,synonymous_variant,LOW,ANNOTATION_WARNING,GCF_000026225.1,ATCC 35469,no_protein,no_protein,False,,,,,False,False,False,gene_level_only_no_variant_equivalence,not_comparable
NC_000913.3:4322838:G:A,b4583,phnE1,synonymous_variant,LOW,ANNOTATION_WARNING,GCF_002900365.1,HT073016,no_protein,no_protein,False,,,,,False,False,False,gene_level_only_no_variant_equivalence,not_comparable
NC_000913.3:4323078:G:A,b4583,phnE1,synonymous_variant,LOW,ANNOTATION_WARNING,GCF_003697165.2,DSM 30083 / ATCC 11775,no_protein,no_protein,False,,,,,False,False,False,gene_level_only_no_variant_equivalence,not_comparable
NC_000913.3:4323078:G:A,b4583,phnE1,synonymous_variant,LOW,ANNOTATION_WARNING,GCF_036503815.1,2017-02-2CC,no_protein,no_protein,False,,,,,False,False,False,gene_level_only_no_variant_equivalence,not_comparable
NC_000913.3:4323078:G:A,b4583,phnE1,synonymous_variant,LOW,ANNOTATION_WARNING,GCF_005843885.1,E4742,no_protein,no_protein,False,,,,,False,False,False,gene_level_only_no_variant_equivalence,not_comparable
NC_000913.3:4323078:G:A,b4583,phnE1,synonymous_variant,LOW,ANNOTATION_WARNING,GCF_000026225.1,ATCC 35469,no_protein,no_protein,False,,,,,False,False,False,gene_level_only_no_variant_equivalence,not_comparable
NC_000913.3:4323078:G:A,b4583,phnE1,synonymous_variant,LOW,ANNOTATION_WARNING,GCF_002900365.1,HT073016,no_protein,no_protein,False,,,,,False,False,False,gene_level_only_no_variant_equivalence,not_comparable
NC_000913.3:4323084:C:G,b4583,phnE1,synonymous_variant,LOW,ANNOTATION_WARNING,GCF_003697165.2,DSM 30083 / ATCC 11775,no_protein,no_protein,False,,,,,False,False,False,gene_level_only_no_variant_equivalence,not_comparable
NC_000913.3:4323084:C:G,b4583,phnE1,synonymous_variant,LOW,ANNOTATION_WARNING,GCF_036503815.1,2017-02-2CC,no_protein,no_protein,False,,,,,False,False,False,gene_level_only_no_variant_equivalence,not_comparable
NC_000913.3:4323084:C:G,b4583,phnE1,synonymous_variant,LOW,ANNOTATION_WARNING,GCF_005843885.1,E4742,no_protein,no_protein,False,,,,,False,False,False,gene_level_only_no_variant_equivalence,not_comparable
NC_000913.3:4323084:C:G,b4583,phnE1,synonymous_variant,LOW,ANNOTATION_WARNING,GCF_000026225.1,ATCC 35469,no_protein,no_protein,False,,,,,False,False,False,gene_level_only_no_variant_equivalence,not_comparable
NC_000913.3:4323084:C:G,b4583,phnE1,synonymous_variant,LOW,ANNOTATION_WARNING,GCF_002900365.1,HT073016,no_protein,no_protein,False,,,,,False,False,False,gene_level_only_no_variant_equivalence,not_comparable
NC_000913.3:4323087:C:T,b4583,phnE1,synonymous_variant,LOW,ANNOTATION_WARNING,GCF_003697165.2,DSM 30083 / ATCC 11775,no_protein,no_protein,False,,,,,False,False,False,gene_level_only_no_variant_equivalence,not_comparable
NC_000913.3:4323087:C:T,b4583,phnE1,synonymous_variant,LOW,ANNOTATION_WARNING,GCF_036503815.1,2017-02-2CC,no_protein,no_protein,False,,,,,False,False,False,gene_level_only_no_variant_equivalence,not_comparable
NC_000913.3:4323087:C:T,b4583,phnE1,synonymous_variant,LOW,ANNOTATION_WARNING,GCF_005843885.1,E4742,no_protein,no_protein,False,,,,,False,False,False,gene_level_only_no_variant_equivalence,not_comparable
NC_000913.3:4323087:C:T,b4583,phnE1,synonymous_variant,LOW,ANNOTATION_WARNING,GCF_000026225.1,ATCC 35469,no_protein,no_protein,False,,,,,False,False,False,gene_level_only_no_variant_equivalence,not_comparable
NC_000913.3:4323087:C:T,b4583,phnE1,synonymous_variant,LOW,ANNOTATION_WARNING,GCF_002900365.1,HT073016,no_protein,no_protein,False,,,,,False,False,False,gene_level_only_no_variant_equivalence,not_comparable
NC_000913.3:4323108:G:A,b4583,phnE1,synonymous_variant,LOW,ANNOTATION_WARNING,GCF_003697165.2,DSM 30083 / ATCC 11775,no_protein,no_protein,False,,,,,False,False,False,gene_level_only_no_variant_equivalence,not_comparable
NC_000913.3:4323108:G:A,b4583,phnE1,synonymous_variant,LOW,ANNOTATION_WARNING,GCF_036503815.1,2017-02-2CC,no_protein,no_protein,False,,,,,False,False,False,gene_level_only_no_variant_equivalence,not_comparable
NC_000913.3:4323108:G:A,b4583,phnE1,synonymous_variant,LOW,ANNOTATION_WARNING,GCF_005843885.1,E4742,no_protein,no_protein,False,,,,,False,False,False,gene_level_only_no_variant_equivalence,not_comparable
NC_000913.3:4323108:G:A,b4583,phnE1,synonymous_variant,LOW,ANNOTATION_WARNING,GCF_000026225.1,ATCC 35469,no_protein,no_protein,False,,,,,False,False,False,gene_level_only_no_variant_equivalence,not_comparable
NC_000913.3:4323108:G:A,b4583,phnE1,synonymous_variant,LOW,ANNOTATION_WARNING,GCF_002900365.1,HT073016,no_protein,no_protein,False,,,,,False,False,False,gene_level_only_no_variant_equivalence,not_comparable
NC_000913.3:4323117:A:G,b4583,phnE1,synonymous_variant,LOW,ANNOTATION_WARNING,GCF_003697165.2,DSM 30083 / ATCC 11775,no_protein,no_protein,False,,,,,False,False,False,gene_level_only_no_variant_equivalence,not_comparable
NC_000913.3:4323117:A:G,b4583,phnE1,synonymous_variant,LOW,ANNOTATION_WARNING,GCF_036503815.1,2017-02-2CC,no_protein,no_protein,False,,,,,False,False,False,gene_level_only_no_variant_equivalence,not_comparable
NC_000913.3:4323117:A:G,b4583,phnE1,synonymous_variant,LOW,ANNOTATION_WARNING,GCF_005843885.1,E4742,no_protein,no_protein,False,,,,,False,False,False,gene_level_only_no_variant_equivalence,not_comparable
NC_000913.3:4323117:A:G,b4583,phnE1,synonymous_variant,LOW,ANNOTATION_WARNING,GCF_000026225.1,ATCC 35469,no_protein,no_protein,False,,,,,False,False,False,gene_level_only_no_variant_equivalence,not_comparable
NC_000913.3:4323117:A:G,b4583,phnE1,synonymous_variant,LOW,ANNOTATION_WARNING,GCF_002900365.1,HT073016,no_protein,no_protein,False,,,,,False,False,False,gene_level_only_no_variant_equivalence,not_comparable
NC_000913.3:4323155:A:G,b4583,phnE1,synonymous_variant,LOW,ANNOTATION_WARNING,GCF_003697165.2,DSM 30083 / ATCC 11775,no_protein,no_protein,False,,,,,False,False,False,gene_level_only_no_variant_equivalence,not_comparable
NC_000913.3:4323155:A:G,b4583,phnE1,synonymous_variant,LOW,ANNOTATION_WARNING,GCF_036503815.1,2017-02-2CC,no_protein,no_protein,False,,,,,False,False,False,gene_level_only_no_variant_equivalence,not_comparable
NC_000913.3:4323155:A:G,b4583,phnE1,synonymous_variant,LOW,ANNOTATION_WARNING,GCF_005843885.1,E4742,no_protein,no_protein,False,,,,,False,False,False,gene_level_only_no_variant_equivalence,not_comparable
NC_000913.3:4323155:A:G,b4583,phnE1,synonymous_variant,LOW,ANNOTATION_WARNING,GCF_000026225.1,ATCC 35469,no_protein,no_protein,False,,,,,False,False,False,gene_level_only_no_variant_equivalence,not_comparable
NC_000913.3:4323155:A:G,b4583,phnE1,synonymous_variant,LOW,ANNOTATION_WARNING,GCF_002900365.1,HT073016,no_protein,no_protein,False,,,,,False,False,False,gene_level_only_no_variant_equivalence,not_comparable
NC_000913.3:4323165:T:A,b4583,phnE1,synonymous_variant,LOW,ANNOTATION_WARNING,GCF_003697165.2,DSM 30083 / ATCC 11775,no_protein,no_protein,False,,,,,False,False,False,gene_level_only_no_variant_equivalence,not_comparable
NC_000913.3:4323165:T:A,b4583,phnE1,synonymous_variant,LOW,ANNOTATION_WARNING,GCF_036503815.1,2017-02-2CC,no_protein,no_protein,False,,,,,False,False,False,gene_level_only_no_variant_equivalence,not_comparable
NC_000913.3:4323165:T:A,b4583,phnE1,synonymous_variant,LOW,ANNOTATION_WARNING,GCF_005843885.1,E4742,no_protein,no_protein,False,,,,,False,False,False,gene_level_only_no_variant_equivalence,not_comparable
NC_000913.3:4323165:T:A,b4583,phnE1,synonymous_variant,LOW,ANNOTATION_WARNING,GCF_000026225.1,ATCC 35469,no_protein,no_protein,False,,,,,False,False,False,gene_level_only_no_variant_equivalence,not_comparable
NC_000913.3:4323165:T:A,b4583,phnE1,synonymous_variant,LOW,ANNOTATION_WARNING,GCF_002900365.1,HT073016,no_protein,no_protein,False,,,,,False,False,False,gene_level_only_no_variant_equivalence,not_comparable
NC_000913.3:4377189:C:A,b4149,blc,stop_lost,HIGH,HIGH_PREDICTED_IMPACT,GCF_003697165.2,DSM 30083 / ATCC 11775,no_ortholog,no_ortholog,False,,,,,False,False,False,gene_level_only_no_variant_equivalence,not_comparable
NC_000913.3:4377189:C:A,b4149,blc,stop_lost,HIGH,HIGH_PREDICTED_IMPACT,GCF_036503815.1,2017-02-2CC,no_ortholog,no_ortholog,False,,,,,False,False,False,gene_level_only_no_variant_equivalence,not_comparable
NC_000913.3:4377189:C:A,b4149,blc,stop_lost,HIGH,HIGH_PREDICTED_IMPACT,GCF_005843885.1,E4742,no_ortholog,no_ortholog,False,,,,,False,False,False,gene_level_only_no_variant_equivalence,not_comparable
NC_000913.3:4377189:C:A,b4149,blc,stop_lost,HIGH,HIGH_PREDICTED_IMPACT,GCF_000026225.1,ATCC 35469,no_ortholog,no_ortholog,False,,,,,False,False,False,gene_level_only_no_variant_equivalence,not_comparable
NC_000913.3:4377189:C:A,b4149,blc,stop_lost,HIGH,HIGH_PREDICTED_IMPACT,GCF_002900365.1,HT073016,no_ortholog,no_ortholog,False,,,,,False,False,False,gene_level_only_no_variant_equivalence,not_comparable
NC_000913.3:4386046:C:CTTCATGCA,b4159,mscM,frameshift_variant,HIGH,HIGH_PREDICTED_IMPACT,GCF_003697165.2,DSM 30083 / ATCC 11775,one_to_one,comparable,True,EAS44_RS22075,mscM,110,0,False,False,False,gene_level_only_no_variant_equivalence,comparable_without_high_impact_signal
NC_000913.3:4386046:C:CTTCATGCA,b4159,mscM,frameshift_variant,HIGH,HIGH_PREDICTED_IMPACT,GCF_036503815.1,2017-02-2CC,one_to_one,comparable,True,AABJ99_RS21405,mscM,140,0,False,False,False,gene_level_only_no_variant_equivalence,comparable_without_high_impact_signal
NC_000913.3:4386046:C:CTTCATGCA,b4159,mscM,frameshift_variant,HIGH,HIGH_PREDICTED_IMPACT,GCF_005843885.1,E4742,one_to_one,alternative_low_callability,False,FEM44_RS13455,mscM,45,0,False,False,False,gene_level_only_no_variant_equivalence,not_comparable
NC_000913.3:4386046:C:CTTCATGCA,b4159,mscM,frameshift_variant,HIGH,HIGH_PREDICTED_IMPACT,GCF_000026225.1,ATCC 35469,one_to_one,alternative_low_callability,False,EFER_RS21010,mscM,13,0,False,False,False,gene_level_only_no_variant_equivalence,not_comparable
NC_000913.3:4386046:C:CTTCATGCA,b4159,mscM,frameshift_variant,HIGH,HIGH_PREDICTED_IMPACT,GCF_002900365.1,HT073016,one_to_one,alternative_low_callability,False,C1192_RS19185,mscM,38,0,False,False,False,gene_level_only_no_variant_equivalence,not_comparable
NC_000913.3:4459309:TA:T,b4235,tldE,frameshift_variant,HIGH,HIGH_PREDICTED_IMPACT,GCF_003697165.2,DSM 30083 / ATCC 11775,one_to_one,comparable,True,EAS44_RS21670,pmbA,23,0,False,False,False,gene_level_only_no_variant_equivalence,comparable_without_high_impact_signal
NC_000913.3:4459309:TA:T,b4235,tldE,frameshift_variant,HIGH,HIGH_PREDICTED_IMPACT,GCF_036503815.1,2017-02-2CC,one_to_one,comparable,True,AABJ99_RS20985,pmbA,57,0,False,False,False,gene_level_only_no_variant_equivalence,comparable_without_high_impact_signal
NC_000913.3:4459309:TA:T,b4235,tldE,frameshift_variant,HIGH,HIGH_PREDICTED_IMPACT,GCF_005843885.1,E4742,one_to_one,alternative_low_callability,False,FEM44_RS13875,pmbA,20,0,False,False,False,gene_level_only_no_variant_equivalence,not_comparable
NC_000913.3:4459309:TA:T,b4235,tldE,frameshift_variant,HIGH,HIGH_PREDICTED_IMPACT,GCF_000026225.1,ATCC 35469,one_to_one,alternative_low_callability,False,EFER_RS21530,pmbA,0,0,False,False,False,gene_level_only_no_variant_equivalence,not_comparable
NC_000913.3:4459309:TA:T,b4235,tldE,frameshift_variant,HIGH,HIGH_PREDICTED_IMPACT,GCF_002900365.1,HT073016,one_to_one,alternative_low_callability,False,C1192_RS19655,pmbA,3,0,False,False,False,gene_level_only_no_variant_equivalence,not_comparable
NC_000913.3:4595564:GA:G,b4357,lgoR,frameshift_variant,HIGH,HIGH_PREDICTED_IMPACT,GCF_003697165.2,DSM 30083 / ATCC 11775,one_to_one,comparable,True,EAS44_RS20890,lgoR,1,1,True,True,True,gene_level_only_no_variant_equivalence,comparable_with_high_impact_signal
NC_000913.3:4595564:GA:G,b4357,lgoR,frameshift_variant,HIGH,HIGH_PREDICTED_IMPACT,GCF_036503815.1,2017-02-2CC,one_to_one,comparable,True,AABJ99_RS20460,lgoR,11,1,True,True,True,gene_level_only_no_variant_equivalence,comparable_with_high_impact_signal
NC_000913.3:4595564:GA:G,b4357,lgoR,frameshift_variant,HIGH,HIGH_PREDICTED_IMPACT,GCF_005843885.1,E4742,one_to_one,alternative_low_callability,False,FEM44_RS14280,FEM44_RS14280,0,0,False,False,False,gene_level_only_no_variant_equivalence,not_comparable
NC_000913.3:4595564:GA:G,b4357,lgoR,frameshift_variant,HIGH,HIGH_PREDICTED_IMPACT,GCF_000026225.1,ATCC 35469,no_ortholog,no_ortholog,False,,,,,False,False,False,gene_level_only_no_variant_equivalence,not_comparable
NC_000913.3:4595564:GA:G,b4357,lgoR,frameshift_variant,HIGH,HIGH_PREDICTED_IMPACT,GCF_002900365.1,HT073016,one_to_one,alternative_low_callability,False,C1192_RS13205,C1192_RS13205,0,0,False,False,False,gene_level_only_no_variant_equivalence,not_comparable
